+,11711.91861108,-187500.015625,-187500.015625,-187500.015625,-187500.015625,-187500.015625,-187500.015625,-187500.015625,138250.765625
+,11711.921650423,-187500.015625,-187500.015625,-187500.015625,-187500.015625,-187500.015625,-187500.015625,-187500.015625,138244.5625
+,11711.925714286,-187500.015625,-187500.015625,-187500.015625,-187500.015625,-187500.015625,-187500.015625,-187500.015625,138236.28125
+,11711.930640791,-187500.015625,-187500.015625,-187500.015625,-187500.015625,-187500.015625,-187500.015625,-187500.015625,138234.046875
+,11711.934636277,-187500.015625,-187500.015625,-187500.015625,-187500.015625,-187500.015625,-187500.015625,-187500.015625,138232.640625
+,11711.938747318,-187500.015625,-187500.015625,-187500.015625,-187500.015625,-187500.015625,-187500.015625,-187500.015625,138226.03125
+,11711.942671163,-187500.015625,-187500.015625,-187500.015625,-187500.015625,-187500.015625,-187500.015625,-187500.015625,138219.859375
+,11711.946612377,-187500.015625,-187500.015625,-187500.015625,-187500.015625,-187500.015625,-187500.015625,-187500.015625,138217.234375
+,11711.949682331,-187500.015625,-187500.015625,-187500.015625,-187500.015625,-187500.015625,-187500.015625,-187500.015625,138213.3125
+,11711.953637816,-187500.015625,-187500.015625,-187500.015625,-187500.015625,-187500.015625,-187500.015625,-187500.015625,138209.03125
+,11711.958674155,-187500.015625,-187500.015625,-187500.015625,-187500.015625,-187500.015625,-187500.015625,-187500.015625,138200.953125
+,11711.962667057,-187500.015625,-187500.015625,-187500.015625,-187500.015625,-187500.015625,-187500.015625,-187500.015625,138197.453125
+,11711.966680861,-187500.015625,-187500.015625,-187500.015625,-187500.015625,-187500.015625,-187500.015625,-187500.015625,138198.359375
+,11711.969666539,-187500.015625,-187500.015625,-187500.015625,-187500.015625,-187500.015625,-187500.015625,-187500.015625,138193.140625
+,11711.973739487,-187500.015625,-187500.015625,-187500.015625,-187500.015625,-187500.015625,-187500.015625,-187500.015625,138188.78125
+,11711.977708601,-187500.015625,-187500.015625,-187500.015625,-187500.015625,-187500.015625,-187500.015625,-187500.015625,138184.25
+,11711.981722697,-187500.015625,-187500.015625,-187500.015625,-187500.015625,-187500.015625,-187500.015625,-187500.015625,138178.328125
+,11711.986695105,-187500.015625,-187500.015625,-187500.015625,-187500.015625,-187500.015625,-187500.015625,-187500.015625,138170.171875
+,11711.990750477,-187500.015625,-187500.015625,-187500.015625,-187500.015625,-187500.015625,-187500.015625,-187500.015625,138164.421875
+,11711.994766925,-187500.015625,-187500.015625,-187500.015625,-187500.015625,-187500.015625,-187500.015625,-187500.015625,138159.953125
+,11711.997770219,-187500.015625,-187500.015625,-187500.015625,-187500.015625,-187500.015625,-187500.015625,-187500.015625,138157.859375
+,11712.001731633,-187500.015625,-187500.015625,-187500.015625,-187500.015625,-187500.015625,-187500.015625,-187500.015625,138153.828125
+,11712.005750173,-187500.015625,-187500.015625,-187500.015625,-187500.015625,-187500.015625,-187500.015625,-187500.015625,138147.375
+,11712.009789316,-187500.015625,-187500.015625,-187500.015625,-187500.015625,-187500.015625,-187500.015625,-187500.015625,138138.390625
+,11712.013782697,-187500.015625,-187500.015625,-187500.015625,-187500.015625,-187500.015625,-187500.015625,-187500.015625,138134.09375
+,11712.018774588,-187500.015625,-187500.015625,-187500.015625,-187500.015625,-187500.015625,-187500.015625,-187500.015625,138127.4375
+,11712.023825537,-187500.015625,-187500.015625,-187500.015625,-187500.015625,-187500.015625,-187500.015625,-187500.015625,138119.546875
+,11712.027772013,-187500.015625,-187500.015625,-187500.015625,-187500.015625,-187500.015625,-187500.015625,-187500.015625,138115.90625
+,11712.030791228,-187500.015625,-187500.015625,-187500.015625,-187500.015625,-187500.015625,-187500.015625,-187500.015625,138112.640625
+,11712.033801226,-187500.015625,-187500.015625,-187500.015625,-187500.015625,-187500.015625,-187500.015625,-187500.015625,138110.265625
+,11712.037854409,-187500.015625,-187500.015625,-187500.015625,-187500.015625,-187500.015625,-187500.015625,-187500.015625,138104.484375
+,11712.041877495,-187500.015625,-187500.015625,-187500.015625,-187500.015625,-187500.015625,-187500.015625,-187500.015625,138097.640625
+,11712.046822234,-187500.015625,-187500.015625,-187500.015625,-187500.015625,-187500.015625,-187500.015625,-187500.015625,138094.859375
+,11712.050828552,-187500.015625,-187500.015625,-187500.015625,-187500.015625,-187500.015625,-187500.015625,-187500.015625,138090.828125
+,11712.053842072,-187500.015625,-187500.015625,-187500.015625,-187500.015625,-187500.015625,-187500.015625,-187500.015625,138085.515625
+,11712.057871776,-187500.015625,-187500.015625,-187500.015625,-187500.015625,-187500.015625,-187500.015625,-187500.015625,138076.921875
+,11712.061863483,-187500.015625,-187500.015625,-187500.015625,-187500.015625,-187500.015625,-187500.015625,-187500.015625,138073.359375
+,11712.06595994,-187500.015625,-187500.015625,-187500.015625,-187500.015625,-187500.015625,-187500.015625,-187500.015625,138067.90625
+,11712.070018221,-187500.015625,-187500.015625,-187500.015625,-187500.015625,-187500.015625,-187500.015625,-187500.015625,138063.421875
+,11712.074854602,-187500.015625,-187500.015625,-187500.015625,-187500.015625,-187500.015625,-187500.015625,-187500.015625,138056.3125
+,11712.077884413,-187500.015625,-187500.015625,-187500.015625,-187500.015625,-187500.015625,-187500.015625,-187500.015625,138052.78125
+,11712.080908326,-187500.015625,-187500.015625,-187500.015625,-187500.015625,-187500.015625,-187500.015625,-187500.015625,138048.015625
+,11712.085878892,-187500.015625,-187500.015625,-187500.015625,-187500.015625,-187500.015625,-187500.015625,-187500.015625,138044.109375
+,11712.090059188,-187500.015625,-187500.015625,-187500.015625,-187500.015625,-187500.015625,-187500.015625,-187500.015625,138037.796875
+,11712.093993942,-187500.015625,-187500.015625,-187500.015625,-187500.015625,-187500.015625,-187500.015625,-187500.015625,138036.171875
+,11712.097952061,-187500.015625,-187500.015625,-187500.015625,-187500.015625,-187500.015625,-187500.015625,-187500.015625,138031.859375
+,11712.10290291,-187500.015625,-187500.015625,-187500.015625,-187500.015625,-187500.015625,-187500.015625,-187500.015625,138025.546875
+,11712.106001304,-187500.015625,-187500.015625,-187500.015625,-187500.015625,-187500.015625,-187500.015625,-187500.015625,138019.546875
+,11712.108957487,-187500.015625,-187500.015625,-187500.015625,-187500.015625,-187500.015625,-187500.015625,-187500.015625,138015.03125
+,11712.113910742,-187500.015625,-187500.015625,-187500.015625,-187500.015625,-187500.015625,-187500.015625,-187500.015625,138009.84375
+,11712.11794949,-187500.015625,-187500.015625,-187500.015625,-187500.015625,-187500.015625,-187500.015625,-187500.015625,138006.0
+,11712.122062556,-187500.015625,-187500.015625,-187500.015625,-187500.015625,-187500.015625,-187500.015625,-187500.015625,138000.75
+,11712.125984736,-187500.015625,-187500.015625,-187500.015625,-187500.015625,-187500.015625,-187500.015625,-187500.015625,137995.0
+,11712.130002633,-187500.015625,-187500.015625,-187500.015625,-187500.015625,-187500.015625,-187500.015625,-187500.015625,137991.328125
+,11712.133996573,-187500.015625,-187500.015625,-187500.015625,-187500.015625,-187500.015625,-187500.015625,-187500.015625,137984.8125
+,11712.137024323,-187500.015625,-187500.015625,-187500.015625,-187500.015625,-187500.015625,-187500.015625,-187500.015625,137978.90625
+,11712.142037967,-187500.015625,-187500.015625,-187500.015625,-187500.015625,-187500.015625,-187500.015625,-187500.015625,137974.234375
+,11712.146075336,-187500.015625,-187500.015625,-187500.015625,-187500.015625,-187500.015625,-187500.015625,-187500.015625,137971.90625
+,11712.150030892,-187500.015625,-187500.015625,-187500.015625,-187500.015625,-187500.015625,-187500.015625,-187500.015625,137964.6875
+,11712.15408161,-187500.015625,-187500.015625,-187500.015625,-187500.015625,-187500.015625,-187500.015625,-187500.015625,137960.734375
AFK,11712.158084103,-187500.015625,-187500.015625,-187500.015625,-187500.015625,-187500.015625,-187500.015625,-187500.015625,137957.0625
AFK,11712.161993815,-187500.015625,-187500.015625,-187500.015625,-187500.015625,-187500.015625,-187500.015625,-187500.015625,137953.5625
AFK,11712.165099694,-187500.015625,-187500.015625,-187500.015625,-187500.015625,-187500.015625,-187500.015625,-187500.015625,137948.78125
AFK,11712.169984248,-187500.015625,-187500.015625,-187500.015625,-187500.015625,-187500.015625,-187500.015625,-187500.015625,137942.09375
AFK,11712.174070402,-187500.015625,-187500.015625,-187500.015625,-187500.015625,-187500.015625,-187500.015625,-187500.015625,137935.546875
AFK,11712.178045413,-187500.015625,-187500.015625,-187500.015625,-187500.015625,-187500.015625,-187500.015625,-187500.015625,137926.875
AFK,11712.182064734,-187500.015625,-187500.015625,-187500.015625,-187500.015625,-187500.015625,-187500.015625,-187500.015625,137920.65625
AFK,11712.186105196,-187500.015625,-187500.015625,-187500.015625,-187500.015625,-187500.015625,-187500.015625,-187500.015625,137918.328125
AFK,11712.190073912,-187500.015625,-187500.015625,-187500.015625,-187500.015625,-187500.015625,-187500.015625,-187500.015625,137912.921875
AFK,11712.193098443,-187500.015625,-187500.015625,-187500.015625,-187500.015625,-187500.015625,-187500.015625,-187500.015625,137906.234375
AFK,11712.197152172,-187500.015625,-187500.015625,-187500.015625,-187500.015625,-187500.015625,-187500.015625,-187500.015625,137902.015625
AFK,11712.202055343,-187500.015625,-187500.015625,-187500.015625,-187500.015625,-187500.015625,-187500.015625,-187500.015625,137899.0625
AFK,11712.206141912,-187500.015625,-187500.015625,-187500.015625,-187500.015625,-187500.015625,-187500.015625,-187500.015625,137894.484375
AFK,11712.210123925,-187500.015625,-187500.015625,-187500.015625,-187500.015625,-187500.015625,-187500.015625,-187500.015625,137891.984375
AFK,11712.213169601,-187500.015625,-187500.015625,-187500.015625,-187500.015625,-187500.015625,-187500.015625,-187500.015625,137888.65625
AFK,11712.217136453,-187500.015625,-187500.015625,-187500.015625,-187500.015625,-187500.015625,-187500.015625,-187500.015625,137882.5625
AFK,11712.221152601,-187500.015625,-187500.015625,-187500.015625,-187500.015625,-187500.015625,-187500.015625,-187500.015625,137877.09375
AFK,11712.225203207,-187500.015625,-187500.015625,-187500.015625,-187500.015625,-187500.015625,-187500.015625,-187500.015625,137870.359375
AFK,11712.230156896,-187500.015625,-187500.015625,-187500.015625,-187500.015625,-187500.015625,-187500.015625,-187500.015625,137863.75
AFK,11712.234192049,-187500.015625,-187500.015625,-187500.015625,-187500.015625,-187500.015625,-187500.015625,-187500.015625,137861.0
AFK,11712.238180454,-187500.015625,-187500.015625,-187500.015625,-187500.015625,-187500.015625,-187500.015625,-187500.015625,137854.546875
AFK,11712.2411588,-187500.015625,-187500.015625,-187500.015625,-187500.015625,-187500.015625,-187500.015625,-187500.015625,137850.21875
AFK,11712.245200915,-187500.015625,-187500.015625,-187500.015625,-187500.015625,-187500.015625,-187500.015625,-187500.015625,137847.203125
AFK,11712.249222817,-187500.015625,-187500.015625,-187500.015625,-187500.015625,-187500.015625,-187500.015625,-187500.015625,137842.9375
AFK,11712.253225594,-187500.015625,-187500.015625,-187500.015625,-187500.015625,-187500.015625,-187500.015625,-187500.015625,137838.609375
AFK,11712.258169595,-187500.015625,-187500.015625,-187500.015625,-187500.015625,-187500.015625,-187500.015625,-187500.015625,137832.25
AFK,11712.262228249,-187500.015625,-187500.015625,-187500.015625,-187500.015625,-187500.015625,-187500.015625,-187500.015625,137826.359375
AFK,11712.266217959,-187500.015625,-187500.015625,-187500.015625,-187500.015625,-187500.015625,-187500.015625,-187500.015625,137823.453125
AFK,11712.269179601,-187500.015625,-187500.015625,-187500.015625,-187500.015625,-187500.015625,-187500.015625,-187500.015625,137817.125
AFK,11712.273228793,-187500.015625,-187500.015625,-187500.015625,-187500.015625,-187500.015625,-187500.015625,-187500.015625,137814.640625
AFK,11712.277223243,-187500.015625,-187500.015625,-187500.015625,-187500.015625,-187500.015625,-187500.015625,-187500.015625,137811.46875
AFK,11712.281266856,-187500.015625,-187500.015625,-187500.015625,-187500.015625,-187500.015625,-187500.015625,-187500.015625,137805.71875
AFK,11712.285278901,-187500.015625,-187500.015625,-187500.015625,-187500.015625,-187500.015625,-187500.015625,-187500.015625,137799.640625
AFK,11712.290236453,-187500.015625,-187500.015625,-187500.015625,-187500.015625,-187500.015625,-187500.015625,-187500.015625,137794.640625
AFK,11712.294250449,-187500.015625,-187500.015625,-187500.015625,-187500.015625,-187500.015625,-187500.015625,-187500.015625,137788.84375
AFK,11712.297271165,-187500.015625,-187500.015625,-187500.015625,-187500.015625,-187500.015625,-187500.015625,-187500.015625,137782.125
AFK,11712.301229091,-187500.015625,-187500.015625,-187500.015625,-187500.015625,-187500.015625,-187500.015625,-187500.015625,137776.640625
AFK,11712.305302047,-187500.015625,-187500.015625,-187500.015625,-187500.015625,-187500.015625,-187500.015625,-187500.015625,137774.09375
AFK,11712.309318909,-187500.015625,-187500.015625,-187500.015625,-187500.015625,-187500.015625,-187500.015625,-187500.015625,137770.96875
AFK,11712.313319416,-187500.015625,-187500.015625,-187500.015625,-187500.015625,-187500.015625,-187500.015625,-187500.015625,137765.515625
AFK,11712.318304569,-187500.015625,-187500.015625,-187500.015625,-187500.015625,-187500.015625,-187500.015625,-187500.015625,137758.890625
AFK,11712.32154236,-187500.015625,-187500.015625,-187500.015625,-187500.015625,-187500.015625,-187500.015625,-187500.015625,137753.53125
AFK,11712.325368609,-187500.015625,-187500.015625,-187500.015625,-187500.015625,-187500.015625,-187500.015625,-187500.015625,137746.09375
AFK,11712.329394475,-187500.015625,-187500.015625,-187500.015625,-187500.015625,-187500.015625,-187500.015625,-187500.015625,137741.53125
AFK,11712.33337192,-187500.015625,-187500.015625,-187500.015625,-187500.015625,-187500.015625,-187500.015625,-187500.015625,137737.703125
AFK,11712.337421359,-187500.015625,-187500.015625,-187500.015625,-187500.015625,-187500.015625,-187500.015625,-187500.015625,137732.546875
AFK,11712.341400396,-187500.015625,-187500.015625,-187500.015625,-187500.015625,-187500.015625,-187500.015625,-187500.015625,137725.125
AFK,11712.346349304,-187500.015625,-187500.015625,-187500.015625,-187500.015625,-187500.015625,-187500.015625,-187500.015625,137719.5625
AFK,11712.349377545,-187500.015625,-187500.015625,-187500.015625,-187500.015625,-187500.015625,-187500.015625,-187500.015625,137717.21875
AFK,11712.35333409,-187500.015625,-187500.015625,-187500.015625,-187500.015625,-187500.015625,-187500.015625,-187500.015625,137710.90625
AFK,11712.357433411,-187500.015625,-187500.015625,-187500.015625,-187500.015625,-187500.015625,-187500.015625,-187500.015625,137705.25
AFK,11712.361383181,-187500.015625,-187500.015625,-187500.015625,-187500.015625,-187500.015625,-187500.015625,-187500.015625,137700.265625
AFK,11712.365426338,-187500.015625,-187500.015625,-187500.015625,-187500.015625,-187500.015625,-187500.015625,-187500.015625,137696.21875
AFK,11712.369683176,-187500.015625,-187500.015625,-187500.015625,-187500.015625,-187500.015625,-187500.015625,-187500.015625,137693.1875
AFK,11712.374393767,-187500.015625,-187500.015625,-187500.015625,-187500.015625,-187500.015625,-187500.015625,-187500.015625,137687.734375
AFK,11712.377366742,-187500.015625,-187500.015625,-187500.015625,-187500.015625,-187500.015625,-187500.015625,-187500.015625,137680.84375
AFK,11712.381307565,-187500.015625,-187500.015625,-187500.015625,-187500.015625,-187500.015625,-187500.015625,-187500.015625,137674.90625
AFK,11712.385385974,-187500.015625,-187500.015625,-187500.015625,-187500.015625,-187500.015625,-187500.015625,-187500.015625,137669.359375
AFK,11712.389433941,-187500.015625,-187500.015625,-187500.015625,-187500.015625,-187500.015625,-187500.015625,-187500.015625,137664.578125
AFK,11712.393395947,-187500.015625,-187500.015625,-187500.015625,-187500.015625,-187500.015625,-187500.015625,-187500.015625,137659.3125
AFK,11712.397440368,-187500.015625,-187500.015625,-187500.015625,-187500.015625,-187500.015625,-187500.015625,-187500.015625,137653.3125
AFK,11712.402387673,-187500.015625,-187500.015625,-187500.015625,-187500.015625,-187500.015625,-187500.015625,-187500.015625,137649.421875
AFK,11712.405439352,-187500.015625,-187500.015625,-187500.015625,-187500.015625,-187500.015625,-187500.015625,-187500.015625,137644.09375
AFK,11712.408426393,-187500.015625,-187500.015625,-187500.015625,-187500.015625,-187500.015625,-187500.015625,-187500.015625,137637.6875
AFK,11712.413411514,-187500.015625,-187500.015625,-187500.015625,-187500.015625,-187500.015625,-187500.015625,-187500.015625,137630.75
AFK,11712.417469576,-187500.015625,-187500.015625,-187500.015625,-187500.015625,-187500.015625,-187500.015625,-187500.015625,137628.71875
AFK,11712.421502185,-187500.015625,-187500.015625,-187500.015625,-187500.015625,-187500.015625,-187500.015625,-187500.015625,137625.25
AFK,11712.42558181,-187500.015625,-187500.015625,-187500.015625,-187500.015625,-187500.015625,-187500.015625,-187500.015625,137618.4375
AFK,11712.429486016,-187500.015625,-187500.015625,-187500.015625,-187500.015625,-187500.015625,-187500.015625,-187500.015625,137615.171875
AFK,11712.432467443,-187500.015625,-187500.015625,-187500.015625,-187500.015625,-187500.015625,-187500.015625,-187500.015625,137610.8125
AFK,11712.436666298,-187500.015625,-187500.015625,-187500.015625,-187500.015625,-187500.015625,-187500.015625,-187500.015625,137606.078125
AFK,11712.441611279,-187500.015625,-187500.015625,-187500.015625,-187500.015625,-187500.015625,-187500.015625,-187500.015625,137599.3125
AFK,11712.451034856,-187500.015625,-187500.015625,-187500.015625,-187500.015625,-187500.015625,-187500.015625,-187500.015625,137591.96875
AFK,11712.451271274,-187500.015625,-187500.015625,-187500.015625,-187500.015625,-187500.015625,-187500.015625,-187500.015625,137589.09375
AFK,11712.453607503,-187500.015625,-187500.015625,-187500.015625,-187500.015625,-187500.015625,-187500.015625,-187500.015625,137579.921875
AFK,11712.45751511,-187500.015625,-187500.015625,-187500.015625,-187500.015625,-187500.015625,-187500.015625,-187500.015625,137574.203125
AFK,11712.460656407,-187500.015625,-187500.015625,-187500.015625,-187500.015625,-187500.015625,-187500.015625,-187500.015625,137572.4375
AFK,11712.464550814,-187500.015625,-187500.015625,-187500.015625,-187500.015625,-187500.015625,-187500.015625,-187500.015625,137567.4375
AFK,11712.469436566,-187500.015625,-187500.015625,-187500.015625,-187500.015625,-187500.015625,-187500.015625,-187500.015625,137562.53125
AFK,11712.473558205,-187500.015625,-187500.015625,-187500.015625,-187500.015625,-187500.015625,-187500.015625,-187500.015625,137560.078125
AFK,11712.477540132,-187500.015625,-187500.015625,-187500.015625,-187500.015625,-187500.015625,-187500.015625,-187500.015625,137557.0625
AFK,11712.481669576,-187500.015625,-187500.015625,-187500.015625,-187500.015625,-187500.015625,-187500.015625,-187500.015625,137552.4375
AFK,11712.485546597,-187500.015625,-187500.015625,-187500.015625,-187500.015625,-187500.015625,-187500.015625,-187500.015625,137546.640625
AFK,11712.488720772,-187500.015625,-187500.015625,-187500.015625,-187500.015625,-187500.015625,-187500.015625,-187500.015625,137542.171875
AFK,11712.492651107,-187500.015625,-187500.015625,-187500.015625,-187500.015625,-187500.015625,-187500.015625,-187500.015625,137538.390625
AFK,11712.497562016,-187500.015625,-187500.015625,-187500.015625,-187500.015625,-187500.015625,-187500.015625,-187500.015625,137534.671875
AFK,11712.50155049,-187500.015625,-187500.015625,-187500.015625,-187500.015625,-187500.015625,-187500.015625,-187500.015625,137531.625
AFK,11712.505560535,-187500.015625,-187500.015625,-187500.015625,-187500.015625,-187500.015625,-187500.015625,-187500.015625,137528.1875
AFK,11712.509606093,-187500.015625,-187500.015625,-187500.015625,-187500.015625,-187500.015625,-187500.015625,-187500.015625,137519.6875
AFK,11712.51260161,-187500.015625,-187500.015625,-187500.015625,-187500.015625,-187500.015625,-187500.015625,-187500.015625,137512.21875
AFK,11712.516581154,-187500.015625,-187500.015625,-187500.015625,-187500.015625,-187500.015625,-187500.015625,-187500.015625,137510.71875
AFK,11712.52089468,-187500.015625,-187500.015625,-187500.015625,-187500.015625,-187500.015625,-187500.015625,-187500.015625,137507.6875
AFK,11712.524704003,-187500.015625,-187500.015625,-187500.015625,-187500.015625,-187500.015625,-187500.015625,-187500.015625,137504.21875
AFK,11712.529577915,-187500.015625,-187500.015625,-187500.015625,-187500.015625,-187500.015625,-187500.015625,-187500.015625,137498.1875
AFK,11712.53360522,-187500.015625,-187500.015625,-187500.015625,-187500.015625,-187500.015625,-187500.015625,-187500.015625,137493.015625
AFK,11712.537631275,-187500.015625,-187500.015625,-187500.015625,-187500.015625,-187500.015625,-187500.015625,-187500.015625,137488.78125
AFK,11712.540762558,-187500.015625,-187500.015625,-187500.015625,-187500.015625,-187500.015625,-187500.015625,-187500.015625,137481.359375
AFK,11712.544837088,-187500.015625,-187500.015625,-187500.015625,-187500.015625,-187500.015625,-187500.015625,-187500.015625,137476.9375
AFK,11712.548668813,-187500.015625,-187500.015625,-187500.015625,-187500.015625,-187500.015625,-187500.015625,-187500.015625,137470.828125
AFK,11712.552681794,-187500.015625,-187500.015625,-187500.015625,-187500.015625,-187500.015625,-187500.015625,-187500.015625,137464.25
AFK,11712.560237948,-187500.015625,-187500.015625,-187500.015625,-187500.015625,-187500.015625,-187500.015625,-187500.015625,137459.703125
AFK,11712.562677333,-187500.015625,-187500.015625,-187500.015625,-187500.015625,-187500.015625,-187500.015625,-187500.015625,137454.25
AFK,11712.566630881,-187500.015625,-187500.015625,-187500.015625,-187500.015625,-187500.015625,-187500.015625,-187500.015625,137450.28125
AFK,11712.568618506,-187500.015625,-187500.015625,-187500.015625,-187500.015625,-187500.015625,-187500.015625,-187500.015625,137446.890625
AFK,11712.572678027,-187500.015625,-187500.015625,-187500.015625,-187500.015625,-187500.015625,-187500.015625,-187500.015625,137445.65625
AFK,11712.57670408,-187500.015625,-187500.015625,-187500.015625,-187500.015625,-187500.015625,-187500.015625,-187500.015625,137441.0625
AFK,11712.580896632,-187500.015625,-187500.015625,-187500.015625,-187500.015625,-187500.015625,-187500.015625,-187500.015625,137434.59375
AFK,11712.585684644,-187500.015625,-187500.015625,-187500.015625,-187500.015625,-187500.015625,-187500.015625,-187500.015625,137429.34375
AFK,11712.589739718,-187500.015625,-187500.015625,-187500.015625,-187500.015625,-187500.015625,-187500.015625,-187500.015625,137424.421875
AFK,11712.592714729,-187500.015625,-187500.015625,-187500.015625,-187500.015625,-187500.015625,-187500.015625,-187500.015625,137418.375
AFK,11712.596687706,-187500.015625,-187500.015625,-187500.015625,-187500.015625,-187500.015625,-187500.015625,-187500.015625,137414.390625
AFK,11712.600756489,-187500.015625,-187500.015625,-187500.015625,-187500.015625,-187500.015625,-187500.015625,-187500.015625,137411.4375
AFK,11712.604796474,-187500.015625,-187500.015625,-187500.015625,-187500.015625,-187500.015625,-187500.015625,-187500.015625,137403.953125
AFK,11712.608772475,-187500.015625,-187500.015625,-187500.015625,-187500.015625,-187500.015625,-187500.015625,-187500.015625,137397.046875
AFK,11712.613748991,-187500.015625,-187500.015625,-187500.015625,-187500.015625,-187500.015625,-187500.015625,-187500.015625,137395.21875
AFK,11712.617759563,-187500.015625,-187500.015625,-187500.015625,-187500.015625,-187500.015625,-187500.015625,-187500.015625,137391.296875
AFK,11712.620816525,-187500.015625,-187500.015625,-187500.015625,-187500.015625,-187500.015625,-187500.015625,-187500.015625,137385.125
AFK,11712.624763623,-187500.015625,-187500.015625,-187500.015625,-187500.015625,-187500.015625,-187500.015625,-187500.015625,137379.296875
AFK,11712.628800485,-187500.015625,-187500.015625,-187500.015625,-187500.015625,-187500.015625,-187500.015625,-187500.015625,137372.34375
AFK,11712.632795592,-187500.015625,-187500.015625,-187500.015625,-187500.015625,-187500.015625,-187500.015625,-187500.015625,137364.34375
+,11712.636901462,-187500.015625,-187500.015625,-187500.015625,-187500.015625,-187500.015625,-187500.015625,-187500.015625,137359.203125
+,11712.640937767,-187500.015625,-187500.015625,-187500.015625,-187500.015625,-187500.015625,-187500.015625,-187500.015625,137353.265625
+,11712.645863658,-187500.015625,-187500.015625,-187500.015625,-187500.015625,-187500.015625,-187500.015625,-187500.015625,137348.046875
+,11712.648836425,-187500.015625,-187500.015625,-187500.015625,-187500.015625,-187500.015625,-187500.015625,-187500.015625,137345.953125
+,11712.652777461,-187500.015625,-187500.015625,-187500.015625,-187500.015625,-187500.015625,-187500.015625,-187500.015625,137339.59375
+,11712.656866101,-187500.015625,-187500.015625,-187500.015625,-187500.015625,-187500.015625,-187500.015625,-187500.015625,137332.453125
+,11712.660859583,-187500.015625,-187500.015625,-187500.015625,-187500.015625,-187500.015625,-187500.015625,-187500.015625,137328.203125
+,11712.664869291,-187500.015625,-187500.015625,-187500.015625,-187500.015625,-187500.015625,-187500.015625,-187500.015625,137326.1875
+,11712.669998121,-187500.015625,-187500.015625,-187500.015625,-187500.015625,-187500.015625,-187500.015625,-187500.015625,137322.5
+,11712.67293227,-187500.015625,-187500.015625,-187500.015625,-187500.015625,-187500.015625,-187500.015625,-187500.015625,137316.59375
+,11712.675870436,-187500.015625,-187500.015625,-187500.015625,-187500.015625,-187500.015625,-187500.015625,-187500.015625,137311.375
+,11712.680881613,-187500.015625,-187500.015625,-187500.015625,-187500.015625,-187500.015625,-187500.015625,-187500.015625,137304.703125
+,11712.684880748,-187500.015625,-187500.015625,-187500.015625,-187500.015625,-187500.015625,-187500.015625,-187500.015625,137301.953125
+,11712.688904159,-187500.015625,-187500.015625,-187500.015625,-187500.015625,-187500.015625,-187500.015625,-187500.015625,137297.0
+,11712.692950686,-187500.015625,-187500.015625,-187500.015625,-187500.015625,-187500.015625,-187500.015625,-187500.015625,137290.15625
+,11712.696942498,-187500.015625,-187500.015625,-187500.015625,-187500.015625,-187500.015625,-187500.015625,-187500.015625,137284.484375
+,11712.700886397,-187500.015625,-187500.015625,-187500.015625,-187500.015625,-187500.015625,-187500.015625,-187500.015625,137280.96875
+,11712.704153869,-187500.015625,-187500.015625,-187500.015625,-187500.015625,-187500.015625,-187500.015625,-187500.015625,137275.359375
+,11712.708938684,-187500.015625,-187500.015625,-187500.015625,-187500.015625,-187500.015625,-187500.015625,-187500.015625,137272.015625
+,11712.713088274,-187500.015625,-187500.015625,-187500.015625,-187500.015625,-187500.015625,-187500.015625,-187500.015625,137264.953125
+,11712.716939027,-187500.015625,-187500.015625,-187500.015625,-187500.015625,-187500.015625,-187500.015625,-187500.015625,137262.734375
+,11712.720997074,-187500.015625,-187500.015625,-187500.015625,-187500.015625,-187500.015625,-187500.015625,-187500.015625,137259.515625
+,11712.724997563,-187500.015625,-187500.015625,-187500.015625,-187500.015625,-187500.015625,-187500.015625,-187500.015625,137253.328125
+,11712.728965713,-187500.015625,-187500.015625,-187500.015625,-187500.015625,-187500.015625,-187500.015625,-187500.015625,137247.359375
+,11712.731985497,-187500.015625,-187500.015625,-187500.015625,-187500.015625,-187500.015625,-187500.015625,-187500.015625,137245.484375
+,11712.736124934,-187500.015625,-187500.015625,-187500.015625,-187500.015625,-187500.015625,-187500.015625,-187500.015625,137241.859375
+,11712.741030624,-187500.015625,-187500.015625,-187500.015625,-187500.015625,-187500.015625,-187500.015625,-187500.015625,137232.875
+,11712.745105992,-187500.015625,-187500.015625,-187500.015625,-187500.015625,-187500.015625,-187500.015625,-187500.015625,137224.484375
+,11712.748989979,-187500.015625,-187500.015625,-187500.015625,-187500.015625,-187500.015625,-187500.015625,-187500.015625,137219.59375
+,11712.753118458,-187500.015625,-187500.015625,-187500.015625,-187500.015625,-187500.015625,-187500.015625,-187500.015625,137217.34375
+,11712.757000769,-187500.015625,-187500.015625,-187500.015625,-187500.015625,-187500.015625,-187500.015625,-187500.015625,137212.6875
+,11712.760505347,-187500.015625,-187500.015625,-187500.015625,-187500.015625,-187500.015625,-187500.015625,-187500.015625,137210.125
+,11712.764053072,-187500.015625,-187500.015625,-187500.015625,-187500.015625,-187500.015625,-187500.015625,-187500.015625,137206.765625
+,11712.76899875,-187500.015625,-187500.015625,-187500.015625,-187500.015625,-187500.015625,-187500.015625,-187500.015625,137201.890625
+,11712.773057847,-187500.015625,-187500.015625,-187500.015625,-187500.015625,-187500.015625,-187500.015625,-187500.015625,137194.96875
+,11712.777084284,-187500.015625,-187500.015625,-187500.015625,-187500.015625,-187500.015625,-187500.015625,-187500.015625,137190.15625
+,11712.781154692,-187500.015625,-187500.015625,-187500.015625,-187500.015625,-187500.015625,-187500.015625,-187500.015625,137186.609375
+,11712.785045473,-187500.015625,-187500.015625,-187500.015625,-187500.015625,-187500.015625,-187500.015625,-187500.015625,137181.171875
+,11712.788222968,-187500.015625,-187500.015625,-187500.015625,-187500.015625,-187500.015625,-187500.015625,-187500.015625,137174.171875
+,11712.792141092,-187500.015625,-187500.015625,-187500.015625,-187500.015625,-187500.015625,-187500.015625,-187500.015625,137169.328125
+,11712.797048495,-187500.015625,-187500.015625,-187500.015625,-187500.015625,-187500.015625,-187500.015625,-187500.015625,137162.75
+,11712.801077247,-187500.015625,-187500.015625,-187500.015625,-187500.015625,-187500.015625,-187500.015625,-187500.015625,137157.453125
+,11712.805235029,-187500.015625,-187500.015625,-187500.015625,-187500.015625,-187500.015625,-187500.015625,-187500.015625,137151.40625
+,11712.80819391,-187500.015625,-187500.015625,-187500.015625,-187500.015625,-187500.015625,-187500.015625,-187500.015625,137146.53125
+,11712.812157599,-187500.015625,-187500.015625,-187500.015625,-187500.015625,-187500.015625,-187500.015625,-187500.015625,137145.078125
+,11712.816128976,-187500.015625,-187500.015625,-187500.015625,-187500.015625,-187500.015625,-187500.015625,-187500.015625,137141.59375
+,11712.820230668,-187500.015625,-187500.015625,-187500.015625,-187500.015625,-187500.015625,-187500.015625,-187500.015625,137135.1875
+,11712.825085844,-187500.015625,-187500.015625,-187500.015625,-187500.015625,-187500.015625,-187500.015625,-187500.015625,137131.46875
+,11712.829124513,-187500.015625,-187500.015625,-187500.015625,-187500.015625,-187500.015625,-187500.015625,-187500.015625,137126.484375
+,11712.833142722,-187500.015625,-187500.015625,-187500.015625,-187500.015625,-187500.015625,-187500.015625,-187500.015625,137122.234375
+,11712.836182873,-187500.015625,-187500.015625,-187500.015625,-187500.015625,-187500.015625,-187500.015625,-187500.015625,137117.484375
+,11712.840141075,-187500.015625,-187500.015625,-187500.015625,-187500.015625,-187500.015625,-187500.015625,-187500.015625,137110.578125
+,11712.844237667,-187500.015625,-187500.015625,-187500.015625,-187500.015625,-187500.015625,-187500.015625,-187500.015625,137105.171875
+,11712.848203119,-187500.015625,-187500.015625,-187500.015625,-187500.015625,-187500.015625,-187500.015625,-187500.015625,137101.0625
+,11712.852229455,-187500.015625,-187500.015625,-187500.015625,-187500.015625,-187500.015625,-187500.015625,-187500.015625,137095.609375
+,11712.857158756,-187500.015625,-187500.015625,-187500.015625,-187500.015625,-187500.015625,-187500.015625,-187500.015625,137088.328125
+,11712.861170559,-187500.015625,-187500.015625,-187500.015625,-187500.015625,-187500.015625,-187500.015625,-187500.015625,137084.171875
+,11712.864200703,-187500.015625,-187500.015625,-187500.015625,-187500.015625,-187500.015625,-187500.015625,-187500.015625,137081.78125
+,11712.868161285,-187500.015625,-187500.015625,-187500.015625,-187500.015625,-187500.015625,-187500.015625,-187500.015625,137079.96875
+,11712.872219582,-187500.015625,-187500.015625,-187500.015625,-187500.015625,-187500.015625,-187500.015625,-187500.015625,137072.078125
XIA,11712.876256799,-187500.015625,-187500.015625,-187500.015625,-187500.015625,-187500.015625,-187500.015625,-187500.015625,137064.9375
XIA,11712.880221268,-187500.015625,-187500.015625,-187500.015625,-187500.015625,-187500.015625,-187500.015625,-187500.015625,137059.015625
XIA,11712.885189923,-187500.015625,-187500.015625,-187500.015625,-187500.015625,-187500.015625,-187500.015625,-187500.015625,137052.875
XIA,11712.889254689,-187500.015625,-187500.015625,-187500.015625,-187500.015625,-187500.015625,-187500.015625,-187500.015625,137045.046875
XIA,11712.892232884,-187500.015625,-187500.015625,-187500.015625,-187500.015625,-187500.015625,-187500.015625,-187500.015625,137040.71875
XIA,11712.89618494,-187500.015625,-187500.015625,-187500.015625,-187500.015625,-187500.015625,-187500.015625,-187500.015625,137037.96875
XIA,11712.900243815,-187500.015625,-187500.015625,-187500.015625,-187500.015625,-187500.015625,-187500.015625,-187500.015625,137033.734375
XIA,11712.904243795,-187500.015625,-187500.015625,-187500.015625,-187500.015625,-187500.015625,-187500.015625,-187500.015625,137031.484375
XIA,11712.908406989,-187500.015625,-187500.015625,-187500.015625,-187500.015625,-187500.015625,-187500.015625,-187500.015625,137026.984375
XIA,11712.913346111,-187500.015625,-187500.015625,-187500.015625,-187500.015625,-187500.015625,-187500.015625,-187500.015625,137020.234375
XIA,11712.916278919,-187500.015625,-187500.015625,-187500.015625,-187500.015625,-187500.015625,-187500.015625,-187500.015625,137015.828125
XIA,11712.919322872,-187500.015625,-187500.015625,-187500.015625,-187500.015625,-187500.015625,-187500.015625,-187500.015625,137011.546875
XIA,11712.924242483,-187500.015625,-187500.015625,-187500.015625,-187500.015625,-187500.015625,-187500.015625,-187500.015625,137007.09375
XIA,11712.928385229,-187500.015625,-187500.015625,-187500.015625,-187500.015625,-187500.015625,-187500.015625,-187500.015625,137002.875
XIA,11712.932350714,-187500.015625,-187500.015625,-187500.015625,-187500.015625,-187500.015625,-187500.015625,-187500.015625,136997.65625
XIA,11712.936387943,-187500.015625,-187500.015625,-187500.015625,-187500.015625,-187500.015625,-187500.015625,-187500.015625,136992.40625
XIA,11712.940394532,-187500.015625,-187500.015625,-187500.015625,-187500.015625,-187500.015625,-187500.015625,-187500.015625,136985.453125
XIA,11712.94436262,-187500.015625,-187500.015625,-187500.015625,-187500.015625,-187500.015625,-187500.015625,-187500.015625,136978.421875
XIA,11712.947388633,-187500.015625,-187500.015625,-187500.015625,-187500.015625,-187500.015625,-187500.015625,-187500.015625,136974.03125
XIA,11712.952373225,-187500.015625,-187500.015625,-187500.015625,-187500.015625,-187500.015625,-187500.015625,-187500.015625,136970.5
XIA,11712.956401784,-187500.015625,-187500.015625,-187500.015625,-187500.015625,-187500.015625,-187500.015625,-187500.015625,136964.84375
XIA,11712.960384734,-187500.015625,-187500.015625,-187500.015625,-187500.015625,-187500.015625,-187500.015625,-187500.015625,136960.625
XIA,11712.964395029,-187500.015625,-187500.015625,-187500.015625,-187500.015625,-187500.015625,-187500.015625,-187500.015625,136956.984375
XIA,11712.969321943,-187500.015625,-187500.015625,-187500.015625,-187500.015625,-187500.015625,-187500.015625,-187500.015625,136955.15625
XIA,11712.972343053,-187500.015625,-187500.015625,-187500.015625,-187500.015625,-187500.015625,-187500.015625,-187500.015625,136948.78125
XIA,11712.975400248,-187500.015625,-187500.015625,-187500.015625,-187500.015625,-187500.015625,-187500.015625,-187500.015625,136941.515625
XIA,11712.980379964,-187500.015625,-187500.015625,-187500.015625,-187500.015625,-187500.015625,-187500.015625,-187500.015625,136933.296875
XIA,11712.984379571,-187500.015625,-187500.015625,-187500.015625,-187500.015625,-187500.015625,-187500.015625,-187500.015625,136930.8125
XIA,11712.988389799,-187500.015625,-187500.015625,-187500.015625,-187500.015625,-187500.015625,-187500.015625,-187500.015625,136928.4375
XIA,11712.992431702,-187500.015625,-187500.015625,-187500.015625,-187500.015625,-187500.015625,-187500.015625,-187500.015625,136924.234375
XIA,11712.99644468,-187500.015625,-187500.015625,-187500.015625,-187500.015625,-187500.015625,-187500.015625,-187500.015625,136919.484375
XIA,11713.00038858,-187500.015625,-187500.015625,-187500.015625,-187500.015625,-187500.015625,-187500.015625,-187500.015625,136913.828125
XIA,11713.003448792,-187500.015625,-187500.015625,-187500.015625,-187500.015625,-187500.015625,-187500.015625,-187500.015625,136908.140625
XIA,11713.008391629,-187500.015625,-187500.015625,-187500.015625,-187500.015625,-187500.015625,-187500.015625,-187500.015625,136902.203125
XIA,11713.012505383,-187500.015625,-187500.015625,-187500.015625,-187500.015625,-187500.015625,-187500.015625,-187500.015625,136897.578125
XIA,11713.016437523,-187500.015625,-187500.015625,-187500.015625,-187500.015625,-187500.015625,-187500.015625,-187500.015625,136892.5625
XIA,11713.020483282,-187500.015625,-187500.015625,-187500.015625,-187500.015625,-187500.015625,-187500.015625,-187500.015625,136887.921875
XIA,11713.023484766,-187500.015625,-187500.015625,-187500.015625,-187500.015625,-187500.015625,-187500.015625,-187500.015625,136880.140625
XIA,11713.027453003,-187500.015625,-187500.015625,-187500.015625,-187500.015625,-187500.015625,-187500.015625,-187500.015625,136876.46875
XIA,11713.031465087,-187500.015625,-187500.015625,-187500.015625,-187500.015625,-187500.015625,-187500.015625,-187500.015625,136873.4375
XIA,11713.036445704,-187500.015625,-187500.015625,-187500.015625,-187500.015625,-187500.015625,-187500.015625,-187500.015625,136864.71875
XIA,11713.040536802,-187500.015625,-187500.015625,-187500.015625,-187500.015625,-187500.015625,-187500.015625,-187500.015625,136857.5625
XIA,11713.044613254,-187500.015625,-187500.015625,-187500.015625,-187500.015625,-187500.015625,-187500.015625,-187500.015625,136853.78125
XIA,11713.048528288,-187500.015625,-187500.015625,-187500.015625,-187500.015625,-187500.015625,-187500.015625,-187500.015625,136848.640625
XIA,11713.052515946,-187500.015625,-187500.015625,-187500.015625,-187500.015625,-187500.015625,-187500.015625,-187500.015625,136843.1875
XIA,11713.05554646,-187500.015625,-187500.015625,-187500.015625,-187500.015625,-187500.015625,-187500.015625,-187500.015625,136836.78125
XIA,11713.059548423,-187500.015625,-187500.015625,-187500.015625,-187500.015625,-187500.015625,-187500.015625,-187500.015625,136832.640625
XIA,11713.063556409,-187500.015625,-187500.015625,-187500.015625,-187500.015625,-187500.015625,-187500.015625,-187500.015625,136826.71875
XIA,11713.068552411,-187500.015625,-187500.015625,-187500.015625,-187500.015625,-187500.015625,-187500.015625,-187500.015625,136823.765625
XIA,11713.072654419,-187500.015625,-187500.015625,-187500.015625,-187500.015625,-187500.015625,-187500.015625,-187500.015625,136819.828125
XIA,11713.076547814,-187500.015625,-187500.015625,-187500.015625,-187500.015625,-187500.015625,-187500.015625,-187500.015625,136814.109375
XIA,11713.079688059,-187500.015625,-187500.015625,-187500.015625,-187500.015625,-187500.015625,-187500.015625,-187500.015625,136808.765625
XIA,11713.083564327,-187500.015625,-187500.015625,-187500.015625,-187500.015625,-187500.015625,-187500.015625,-187500.015625,136803.8125
XIA,11713.087615441,-187500.015625,-187500.015625,-187500.015625,-187500.015625,-187500.015625,-187500.015625,-187500.015625,136800.03125
XIA,11713.091677491,-187500.015625,-187500.015625,-187500.015625,-187500.015625,-187500.015625,-187500.015625,-187500.015625,136793.765625
XIA,11713.096573391,-187500.015625,-187500.015625,-187500.015625,-187500.015625,-187500.015625,-187500.015625,-187500.015625,136788.546875
XIA,11713.10057114,-187500.015625,-187500.015625,-187500.015625,-187500.015625,-187500.015625,-187500.015625,-187500.015625,136785.078125
XIA,11713.104615899,-187500.015625,-187500.015625,-187500.015625,-187500.015625,-187500.015625,-187500.015625,-187500.015625,136780.984375
XIA,11713.107621791,-187500.015625,-187500.015625,-187500.015625,-187500.015625,-187500.015625,-187500.015625,-187500.015625,136772.9375
XIA,11713.11164903,-187500.015625,-187500.015625,-187500.015625,-187500.015625,-187500.015625,-187500.015625,-187500.015625,136768.375
XIA,11713.11565981,-187500.015625,-187500.015625,-187500.015625,-187500.015625,-187500.015625,-187500.015625,-187500.015625,136762.4375
XIA,11713.119715608,-187500.015625,-187500.015625,-187500.015625,-187500.015625,-187500.015625,-187500.015625,-187500.015625,136757.3125
XIA,11713.123712555,-187500.015625,-187500.015625,-187500.015625,-187500.015625,-187500.015625,-187500.015625,-187500.015625,136752.265625
XIA,11713.128602665,-187500.015625,-187500.015625,-187500.015625,-187500.015625,-187500.015625,-187500.015625,-187500.015625,136750.15625
XIA,11713.132626627,-187500.015625,-187500.015625,-187500.015625,-187500.015625,-187500.015625,-187500.015625,-187500.015625,136748.109375
XIA,11713.135748917,-187500.015625,-187500.015625,-187500.015625,-187500.015625,-187500.015625,-187500.015625,-187500.015625,136739.09375
XIA,11713.139631056,-187500.015625,-187500.015625,-187500.015625,-187500.015625,-187500.015625,-187500.015625,-187500.015625,136730.921875
XIA,11713.143706629,-187500.015625,-187500.015625,-187500.015625,-187500.015625,-187500.015625,-187500.015625,-187500.015625,136725.890625
XIA,11713.147668899,-187500.015625,-187500.015625,-187500.015625,-187500.015625,-187500.015625,-187500.015625,-187500.015625,136722.109375
XIA,11713.151736048,-187500.015625,-187500.015625,-187500.015625,-187500.015625,-187500.015625,-187500.015625,-187500.015625,136718.9375
XIA,11713.156691066,-187500.015625,-187500.015625,-187500.015625,-187500.015625,-187500.015625,-187500.015625,-187500.015625,136715.3125
XIA,11713.15969755,-187500.015625,-187500.015625,-187500.015625,-187500.015625,-187500.015625,-187500.015625,-187500.015625,136712.140625
XIA,11713.163640265,-187500.015625,-187500.015625,-187500.015625,-187500.015625,-187500.015625,-187500.015625,-187500.015625,136709.484375
XIA,11713.167915529,-187500.015625,-187500.015625,-187500.015625,-187500.015625,-187500.015625,-187500.015625,-187500.015625,136702.84375
XIA,11713.171739594,-187500.015625,-187500.015625,-187500.015625,-187500.015625,-187500.015625,-187500.015625,-187500.015625,136697.171875
XIA,11713.175767379,-187500.015625,-187500.015625,-187500.015625,-187500.015625,-187500.015625,-187500.015625,-187500.015625,136693.40625
XIA,11713.179762945,-187500.015625,-187500.015625,-187500.015625,-187500.015625,-187500.015625,-187500.015625,-187500.015625,136687.71875
XIA,11713.184715796,-187500.015625,-187500.015625,-187500.015625,-187500.015625,-187500.015625,-187500.015625,-187500.015625,136682.125
XIA,11713.187730238,-187500.015625,-187500.015625,-187500.015625,-187500.015625,-187500.015625,-187500.015625,-187500.015625,136676.6875
XIA,11713.191678416,-187500.015625,-187500.015625,-187500.015625,-187500.015625,-187500.015625,-187500.015625,-187500.015625,136669.828125
XIA,11713.195695948,-187500.015625,-187500.015625,-187500.015625,-187500.015625,-187500.015625,-187500.015625,-187500.015625,136663.390625
XIA,11713.199753084,-187500.015625,-187500.015625,-187500.015625,-187500.015625,-187500.015625,-187500.015625,-187500.015625,136658.75
XIA,11713.203817314,-187500.015625,-187500.015625,-187500.015625,-187500.015625,-187500.015625,-187500.015625,-187500.015625,136655.0625
XIA,11713.209027742,-187500.015625,-187500.015625,-187500.015625,-187500.015625,-187500.015625,-187500.015625,-187500.015625,136651.171875
XIA,11713.2127498,-187500.015625,-187500.015625,-187500.015625,-187500.015625,-187500.015625,-187500.015625,-187500.015625,136648.015625
XIA,11713.215783834,-187500.015625,-187500.015625,-187500.015625,-187500.015625,-187500.015625,-187500.015625,-187500.015625,136640.53125
XIA,11713.219035797,-187500.015625,-187500.015625,-187500.015625,-187500.015625,-187500.015625,-187500.015625,-187500.015625,136632.390625
XIA,11713.223737697,-187500.015625,-187500.015625,-187500.015625,-187500.015625,-187500.015625,-187500.015625,-187500.015625,136626.890625
XIA,11713.227780654,-187500.015625,-187500.015625,-187500.015625,-187500.015625,-187500.015625,-187500.015625,-187500.015625,136622.3125
XIA,11713.231789811,-187500.015625,-187500.015625,-187500.015625,-187500.015625,-187500.015625,-187500.015625,-187500.015625,136620.203125
XIA,11713.235821485,-187500.015625,-187500.015625,-187500.015625,-187500.015625,-187500.015625,-187500.015625,-187500.015625,136615.421875
XIA,11713.24078963,-187500.015625,-187500.015625,-187500.015625,-187500.015625,-187500.015625,-187500.015625,-187500.015625,136609.25
XIA,11713.243862788,-187500.015625,-187500.015625,-187500.015625,-187500.015625,-187500.015625,-187500.015625,-187500.015625,136601.8125
XIA,11713.246861188,-187500.015625,-187500.015625,-187500.015625,-187500.015625,-187500.015625,-187500.015625,-187500.015625,136598.28125
XIA,11713.251824512,-187500.015625,-187500.015625,-187500.015625,-187500.015625,-187500.015625,-187500.015625,-187500.015625,136595.671875
XIA,11713.255884321,-187500.015625,-187500.015625,-187500.015625,-187500.015625,-187500.015625,-187500.015625,-187500.015625,136590.1875
XIA,11713.259859289,-187500.015625,-187500.015625,-187500.015625,-187500.015625,-187500.015625,-187500.015625,-187500.015625,136585.65625
XIA,11713.263880038,-187500.015625,-187500.015625,-187500.015625,-187500.015625,-187500.015625,-187500.015625,-187500.015625,136580.171875
XIA,11713.267854564,-187500.015625,-187500.015625,-187500.015625,-187500.015625,-187500.015625,-187500.015625,-187500.015625,136575.796875
XIA,11713.270855856,-187500.015625,-187500.015625,-187500.015625,-187500.015625,-187500.015625,-187500.015625,-187500.015625,136571.265625
XIA,11713.274845505,-187500.015625,-187500.015625,-187500.015625,-187500.015625,-187500.015625,-187500.015625,-187500.015625,136566.71875
XIA,11713.279889279,-187500.015625,-187500.015625,-187500.015625,-187500.015625,-187500.015625,-187500.015625,-187500.015625,136562.359375
XIA,11713.283846772,-187500.015625,-187500.015625,-187500.015625,-187500.015625,-187500.015625,-187500.015625,-187500.015625,136555.71875
XIA,11713.287912239,-187500.015625,-187500.015625,-187500.015625,-187500.015625,-187500.015625,-187500.015625,-187500.015625,136552.859375
XIA,11713.291911853,-187500.015625,-187500.015625,-187500.015625,-187500.015625,-187500.015625,-187500.015625,-187500.015625,136548.453125
XIA,11713.294956592,-187500.015625,-187500.015625,-187500.015625,-187500.015625,-187500.015625,-187500.015625,-187500.015625,136542.0625
XIA,11713.298942879,-187500.015625,-187500.015625,-187500.015625,-187500.015625,-187500.015625,-187500.015625,-187500.015625,136538.40625
XIA,11713.3030198,-187500.015625,-187500.015625,-187500.015625,-187500.015625,-187500.015625,-187500.015625,-187500.015625,136534.328125
XIA,11713.307888569,-187500.015625,-187500.015625,-187500.015625,-187500.015625,-187500.015625,-187500.015625,-187500.015625,136528.953125
XIA,11713.311993105,-187500.015625,-187500.015625,-187500.015625,-187500.015625,-187500.015625,-187500.015625,-187500.015625,136525.53125
XIA,11713.315996319,-187500.015625,-187500.015625,-187500.015625,-187500.015625,-187500.015625,-187500.015625,-187500.015625,136524.1875
XIA,11713.320062023,-187500.015625,-187500.015625,-187500.015625,-187500.015625,-187500.015625,-187500.015625,-187500.015625,136519.46875
XIA,11713.322997299,-187500.015625,-187500.015625,-187500.015625,-187500.015625,-187500.015625,-187500.015625,-187500.015625,136513.65625
XIA,11713.326990747,-187500.015625,-187500.015625,-187500.015625,-187500.015625,-187500.015625,-187500.015625,-187500.015625,136506.03125
XIA,11713.331983582,-187500.015625,-187500.015625,-187500.015625,-187500.015625,-187500.015625,-187500.015625,-187500.015625,136501.296875
XIA,11713.335144669,-187500.015625,-187500.015625,-187500.015625,-187500.015625,-187500.015625,-187500.015625,-187500.015625,136496.671875
XIA,11713.338994184,-187500.015625,-187500.015625,-187500.015625,-187500.015625,-187500.015625,-187500.015625,-187500.015625,136491.625
XIA,11713.343182444,-187500.015625,-187500.015625,-187500.015625,-187500.015625,-187500.015625,-187500.015625,-187500.015625,136484.609375
XIA,11713.347010228,-187500.015625,-187500.015625,-187500.015625,-187500.015625,-187500.015625,-187500.015625,-187500.015625,136480.734375
XIA,11713.352029038,-187500.015625,-187500.015625,-187500.015625,-187500.015625,-187500.015625,-187500.015625,-187500.015625,136474.484375
+,11713.355982968,-187500.015625,-187500.015625,-187500.015625,-187500.015625,-187500.015625,-187500.015625,-187500.015625,136467.859375
+,11713.360061909,-187500.015625,-187500.015625,-187500.015625,-187500.015625,-187500.015625,-187500.015625,-187500.015625,136465.140625
+,11713.363059318,-187500.015625,-187500.015625,-187500.015625,-187500.015625,-187500.015625,-187500.015625,-187500.015625,136461.734375
+,11713.367019808,-187500.015625,-187500.015625,-187500.015625,-187500.015625,-187500.015625,-187500.015625,-187500.015625,136458.25
+,11713.371055091,-187500.015625,-187500.015625,-187500.015625,-187500.015625,-187500.015625,-187500.015625,-187500.015625,136452.640625
+,11713.375024995,-187500.015625,-187500.015625,-187500.015625,-187500.015625,-187500.015625,-187500.015625,-187500.015625,136445.515625
+,11713.37916415,-187500.015625,-187500.015625,-187500.015625,-187500.015625,-187500.015625,-187500.015625,-187500.015625,136441.5
+,11713.384024474,-187500.015625,-187500.015625,-187500.015625,-187500.015625,-187500.015625,-187500.015625,-187500.015625,136434.265625
+,11713.38807649,-187500.015625,-187500.015625,-187500.015625,-187500.015625,-187500.015625,-187500.015625,-187500.015625,136427.671875
+,11713.39107059,-187500.015625,-187500.015625,-187500.015625,-187500.015625,-187500.015625,-187500.015625,-187500.015625,136422.203125
+,11713.395066772,-187500.015625,-187500.015625,-187500.015625,-187500.015625,-187500.015625,-187500.015625,-187500.015625,136416.109375
+,11713.399068722,-187500.015625,-187500.015625,-187500.015625,-187500.015625,-187500.015625,-187500.015625,-187500.015625,136413.6875
+,11713.403132871,-187500.015625,-187500.015625,-187500.015625,-187500.015625,-187500.015625,-187500.015625,-187500.015625,136409.1875
+,11713.408069227,-187500.015625,-187500.015625,-187500.015625,-187500.015625,-187500.015625,-187500.015625,-187500.015625,136401.8125
+,11713.412103663,-187500.015625,-187500.015625,-187500.015625,-187500.015625,-187500.015625,-187500.015625,-187500.015625,136398.96875
+,11713.416115366,-187500.015625,-187500.015625,-187500.015625,-187500.015625,-187500.015625,-187500.015625,-187500.015625,136396.109375
+,11713.419145189,-187500.015625,-187500.015625,-187500.015625,-187500.015625,-187500.015625,-187500.015625,-187500.015625,136393.984375
+,11713.423097801,-187500.015625,-187500.015625,-187500.015625,-187500.015625,-187500.015625,-187500.015625,-187500.015625,136386.359375
+,11713.427177232,-187500.015625,-187500.015625,-187500.015625,-187500.015625,-187500.015625,-187500.015625,-187500.015625,136380.046875
+,11713.431135222,-187500.015625,-187500.015625,-187500.015625,-187500.015625,-187500.015625,-187500.015625,-187500.015625,136375.5625
+,11713.435124447,-187500.015625,-187500.015625,-187500.015625,-187500.015625,-187500.015625,-187500.015625,-187500.015625,136374.15625
+,11713.440179301,-187500.015625,-187500.015625,-187500.015625,-187500.015625,-187500.015625,-187500.015625,-187500.015625,136368.21875
+,11713.443190223,-187500.015625,-187500.015625,-187500.015625,-187500.015625,-187500.015625,-187500.015625,-187500.015625,136362.34375
+,11713.447152025,-187500.015625,-187500.015625,-187500.015625,-187500.015625,-187500.015625,-187500.015625,-187500.015625,136358.875
+,11713.45118837,-187500.015625,-187500.015625,-187500.015625,-187500.015625,-187500.015625,-187500.015625,-187500.015625,136355.125
+,11713.455155647,-187500.015625,-187500.015625,-187500.015625,-187500.015625,-187500.015625,-187500.015625,-187500.015625,136345.625
+,11713.459170957,-187500.015625,-187500.015625,-187500.015625,-187500.015625,-187500.015625,-187500.015625,-187500.015625,136341.3125
+,11713.463178478,-187500.015625,-187500.015625,-187500.015625,-187500.015625,-187500.015625,-187500.015625,-187500.015625,136338.484375
+,11713.468260862,-187500.015625,-187500.015625,-187500.015625,-187500.015625,-187500.015625,-187500.015625,-187500.015625,136332.09375
+,11713.471197019,-187500.015625,-187500.015625,-187500.015625,-187500.015625,-187500.015625,-187500.015625,-187500.015625,136328.75
+,11713.475166357,-187500.015625,-187500.015625,-187500.015625,-187500.015625,-187500.015625,-187500.015625,-187500.015625,136326.6875
+,11713.479158623,-187500.015625,-187500.015625,-187500.015625,-187500.015625,-187500.015625,-187500.015625,-187500.015625,136324.765625
+,11713.483165244,-187500.015625,-187500.015625,-187500.015625,-187500.015625,-187500.015625,-187500.015625,-187500.015625,136321.609375
+,11713.487254491,-187500.015625,-187500.015625,-187500.015625,-187500.015625,-187500.015625,-187500.015625,-187500.015625,136311.28125
+,11713.491276932,-187500.015625,-187500.015625,-187500.015625,-187500.015625,-187500.015625,-187500.015625,-187500.015625,136303.125
+,11713.496218529,-187500.015625,-187500.015625,-187500.015625,-187500.015625,-187500.015625,-187500.015625,-187500.015625,136297.765625
+,11713.499233974,-187500.015625,-187500.015625,-187500.015625,-187500.015625,-187500.015625,-187500.015625,-187500.015625,136293.03125
+,11713.502306557,-187500.015625,-187500.015625,-187500.015625,-187500.015625,-187500.015625,-187500.015625,-187500.015625,136289.890625
+,11713.507197188,-187500.015625,-187500.015625,-187500.015625,-187500.015625,-187500.015625,-187500.015625,-187500.015625,136284.953125
+,11713.511276476,-187500.015625,-187500.015625,-187500.015625,-187500.015625,-187500.015625,-187500.015625,-187500.015625,136278.671875
+,11713.515279889,-187500.015625,-187500.015625,-187500.015625,-187500.015625,-187500.015625,-187500.015625,-187500.015625,136272.90625
+,11713.519320792,-187500.015625,-187500.015625,-187500.015625,-187500.015625,-187500.015625,-187500.015625,-187500.015625,136267.5625
+,11713.524261081,-187500.015625,-187500.015625,-187500.015625,-187500.015625,-187500.015625,-187500.015625,-187500.015625,136264.03125
+,11713.527263651,-187500.015625,-187500.015625,-187500.015625,-187500.015625,-187500.015625,-187500.015625,-187500.015625,136259.4375
+,11713.531227716,-187500.015625,-187500.015625,-187500.015625,-187500.015625,-187500.015625,-187500.015625,-187500.015625,136253.859375
+,11713.535338825,-187500.015625,-187500.015625,-187500.015625,-187500.015625,-187500.015625,-187500.015625,-187500.015625,136248.078125
+,11713.539353561,-187500.015625,-187500.015625,-187500.015625,-187500.015625,-187500.015625,-187500.015625,-187500.015625,136242.9375
+,11713.543381785,-187500.015625,-187500.015625,-187500.015625,-187500.015625,-187500.015625,-187500.015625,-187500.015625,136236.96875
+,11713.547380697,-187500.015625,-187500.015625,-187500.015625,-187500.015625,-187500.015625,-187500.015625,-187500.015625,136232.15625
+,11713.551450564,-187500.015625,-187500.015625,-187500.015625,-187500.015625,-187500.015625,-187500.015625,-187500.015625,136227.734375
+,11713.555350507,-187500.015625,-187500.015625,-187500.015625,-187500.015625,-187500.015625,-187500.015625,-187500.015625,136222.234375
+,11713.558375087,-187500.015625,-187500.015625,-187500.015625,-187500.015625,-187500.015625,-187500.015625,-187500.015625,136217.859375
+,11713.563330726,-187500.015625,-187500.015625,-187500.015625,-187500.015625,-187500.015625,-187500.015625,-187500.015625,136212.171875
+,11713.56817317,-187500.015625,-187500.015625,-187500.015625,-187500.015625,-187500.015625,-187500.015625,-187500.015625,136208.484375
+,11713.57133694,-187500.015625,-187500.015625,-187500.015625,-187500.015625,-187500.015625,-187500.015625,-187500.015625,136203.46875
+,11713.575416909