+,746.684135274,-21143.54296875,-20665.841796875,-18505.880859375,-9795.5625,-139044.1875,-131444.171875,-170962.453125,-180668.1875
+,746.688109964,-21138.759765625,-20660.9921875,-18501.41015625,-9793.283203125,-138819.015625,-131393.96875,-170992.046875,-180666.609375
+,746.692100129,-21137.93359375,-20660.25390625,-18500.740234375,-9795.2275390625,-138932.546875,-131410.515625,-170915.5,-180668.796875
+,746.695139357,-21134.423828125,-20657.080078125,-18497.431640625,-9794.6904296875,-139148.234375,-131454.515625,-170870.4375,-180668.25
+,746.700097518,-21131.16015625,-20653.99609375,-18494.4140625,-9794.109375,-139086.640625,-131451.03125,-170945.84375,-180668.078125
+,746.704109567,-21126.109375,-20648.921875,-18489.564453125,-9791.47265625,-138836.4375,-131397.6875,-170995.109375,-180666.296875
+,746.708218642,-21120.96875,-20643.802734375,-18484.53515625,-9788.9912109375,-138887.859375,-131398.15625,-170926.5,-180664.171875
+,746.712236799,-21120.185546875,-20643.19921875,-18483.8203125,-9791.091796875,-139119.765625,-131445.109375,-170866.140625,-180666.21875
+,746.716237503,-21119.1796875,-20642.484375,-18483.015625,-9792.791015625,-139121.734375,-131456.328125,-170928.796875,-180668.234375
+,746.720189091,-21114.708984375,-20638.037109375,-18478.8125,-9790.8017578125,-138865.515625,-131404.3125,-170995.25,-180667.0
+,746.723255501,-21111.357421875,-20634.728515625,-18475.662109375,-9790.130859375,-138855.453125,-131394.21875,-170944.796875,-180666.765625
+,746.727251776,-21110.216796875,-20633.96875,-18474.744140625,-9791.9189453125,-139088.25,-131439.078125,-170870.609375,-180668.609375
+,746.732150805,-21104.875,-20628.87109375,-18469.6484375,-9789.4833984375,-139145.6875,-131457.515625,-170909.953125,-180666.296875
+,746.736215603,-21099.734375,-20623.775390625,-18464.8203125,-9786.9345703125,-138901.421875,-131409.640625,-170988.1875,-180664.453125
+,746.740248597,-21099.533203125,-20623.484375,-18464.84375,-9789.2373046875,-138829.53125,-131390.21875,-170960.328125,-180667.390625
+,746.7442754,-21094.8828125,-20619.08203125,-18460.41796875,-9787.4931640625,-139046.171875,-131427.28125,-170873.984375,-180665.703125
+,746.748176678,-21089.138671875,-20613.494140625,-18454.830078125,-9784.5654296875,-139157.015625,-131454.65625,-170890.796875,-180662.9375
+,746.751222541,-21085.361328125,-20609.91796875,-18451.3203125,-9783.3359375,-138944.28125,-131416.453125,-170977.640625,-180662.515625
+,746.75614645,-21081.62890625,-20606.2734375,-18447.923828125,-9782.21875,-138807.3125,-131382.015625,-170967.75,-180661.90625
+,746.760192653,-21077.6953125,-20602.474609375,-18444.14453125,-9781.1455078125,-138998.6875,-131413.03125,-170879.109375,-180660.96875
+,746.764205205,-21077.068359375,-20602.1171875,-18443.720703125,-9783.470703125,-139160.3125,-131452.984375,-170877.90625,-180663.34375
+,746.768212493,-21075.548828125,-20600.619140625,-18442.4921875,-9784.4541015625,-138994.171875,-131427.828125,-170968.203125,-180664.921875
+,746.77220742,-21072.7109375,-20597.84765625,-18439.853515625,-9784.1630859375,-138805.390625,-131385.234375,-170981.25,-180665.265625
+,746.776214002,-21067.79296875,-20593.17578125,-18435.09375,-9782.1513671875,-138957.171875,-131406.59375,-170894.3125,-180663.359375
+,746.779251993,-21065.1328125,-20590.6953125,-18432.58984375,-9782.3076171875,-139152.328125,-131449.140625,-170868.171875,-180663.578125
+,746.783250881,-21062.607421875,-20588.28125,-18430.33203125,-9782.419921875,-139039.890625,-131435.4375,-170952.59375,-180664.140625
+,746.788210241,-21058.96484375,-20584.615234375,-18426.95703125,-9781.32421875,-138810.921875,-131385.703125,-170986.484375,-180663.703125
+,746.792309522,-21054.203125,-20580.056640625,-18422.509765625,-9779.357421875,-138912.890625,-131396.734375,-170907.859375,-180662.015625
+,746.796300252,-21050.314453125,-20576.279296875,-18418.59765625,-9778.306640625,-139131.578125,-131440.640625,-170859.6875,-180661.03125
+,746.800301927,-21045.419921875,-20571.451171875,-18413.947265625,-9776.138671875,-139077.0625,-131437.359375,-170931.4375,-180659.203125
+,746.804277923,-21044.14453125,-20570.130859375,-18412.8984375,-9777.30078125,-138827.796875,-131387.515625,-170987.09375,-180661.0625
+,746.80738566,-21041.015625,-20567.2265625,-18409.96875,-9776.9208984375,-138872.265625,-131388.21875,-170922.8125,-180661.015625
+,746.811375341,-21035.2265625,-20561.705078125,-18404.42578125,-9774.1044921875,-139101.078125,-131430.296875,-170855.328125,-180658.203125
+,746.816289611,-21029.638671875,-20556.318359375,-18399.0390625,-9771.3330078125,-139107.59375,-131438.8125,-170910.625,-180655.765625
+,746.820321737,-21028.25390625,-20555.021484375,-18397.921875,-9772.4736328125,-138854.328125,-131390.1875,-170982.171875,-180657.578125
+,746.824318676,-21025.794921875,-20552.630859375,-18395.6640625,-9772.7861328125,-138835.21875,-131379.078125,-170935.71875,-180658.265625
+,746.827374785,-21022.306640625,-20549.3671875,-18392.400390625,-9772.1826171875,-139065.328125,-131421.265625,-170857.765625,-180657.6875
+,746.831321698,-21021.615234375,-20548.875,-18391.955078125,-9774.26171875,-139135.78125,-131445.71875,-170898.234375,-180659.96875
+,746.835382068,-21015.736328125,-20543.01953125,-18386.322265625,-9770.908203125,-138893.21875,-131397.796875,-170976.78125,-180657.21875
+,746.839393529,-21009.8125,-20537.20703125,-18380.62109375,-9767.7568359375,-138805.8125,-131370.859375,-170946.5,-180654.515625
+,746.844339774,-21006.169921875,-20533.7421875,-18377.08984375,-9766.974609375,-139021.234375,-131408.234375,-170860.578125,-180653.765625
+,746.848354903,-21001.9453125,-20529.697265625,-18373.06640625,-9765.5439453125,-139141.265625,-131438.46875,-170875.421875,-180652.625
+,746.852402983,-21000.3359375,-20528.1328125,-18371.61328125,-9766.4833984375,-138935.46875,-131403.484375,-170964.5625,-180654.171875
+,746.855406849,-20998.615234375,-20526.58984375,-18370.205078125,-9767.421875,-138791.5,-131369.625,-170960.3125,-180655.65625
+,746.859418591,-20994.3671875,-20522.56640625,-18366.115234375,-9766.125,-138978.625,-131399.515625,-170871.796875,-180654.46875
+,746.8633714,-20991.283203125,-20519.638671875,-18363.12109375,-9765.8125,-139144.171875,-131437.78125,-170864.3125,-180654.21875
+,746.867454557,-20987.416015625,-20515.861328125,-18359.544921875,-9764.60546875,-138982.296875,-131411.828125,-170951.59375,-180653.546875
+,746.871457877,-20985.60546875,-20514.029296875,-18358.0234375,-9765.2763671875,-138787.09375,-131368.953125,-170969.328125,-180654.953125
+,746.876414161,-20985.76171875,-20514.36328125,-18358.380859375,-9768.2265625,-138937.796875,-131394.1875,-170888.5625,-180658.0625
+,746.880444779,-20983.34765625,-20512.12890625,-18356.125,-9768.673828125,-139138.3125,-131437.625,-170859.3125,-180658.671875
mit,746.883437417,-20981.671875,-20510.564453125,-18354.515625,-9769.634765625,-139034.828125,-131426.421875,-170943.0625,-180660.078125
mit,746.887403446,-20977.24609375,-20506.25,-18350.513671875,-9767.82421875,-138800.0625,-131375.375,-170979.484375,-180658.875
mit,746.89142451,-20972.5078125,-20501.712890625,-18346.06640625,-9766.013671875,-138893.875,-131384.828125,-170902.6875,-180657.171875
mit,746.895473882,-20969.84765625,-20499.25390625,-18343.47265625,-9766.1923828125,-139116.71875,-131430.09375,-170852.671875,-180657.390625
mit,746.899488374,-20967.58984375,-20497.15234375,-18341.529296875,-9766.728515625,-139073.96875,-131431.296875,-170924.75,-180658.328125
mit,746.904404047,-20962.494140625,-20492.212890625,-18336.7890625,-9764.2255859375,-138818.90625,-131377.65625,-170979.46875,-180656.546875
mit,746.908420878,-20957.30859375,-20487.1171875,-18331.8046875,-9761.7666015625,-138851.96875,-131374.59375,-170915.765625,-180654.421875
mit,746.911477784,-20954.626953125,-20484.546875,-18329.302734375,-9761.9453125,-139084.875,-131419.578125,-170848.890625,-180654.59375
mit,746.915431785,-20949.865234375,-20479.986328125,-18324.787109375,-9760.0234375,-139101.390625,-131430.515625,-170901.9375,-180652.8125
mit,746.919473517,-20947.115234375,-20477.3046875,-18322.26171875,-9759.822265625,-138848.046875,-131381.234375,-170974.4375,-180653.296875
mit,746.923579683,-20943.853515625,-20474.15234375,-18319.19921875,-9759.263671875,-138818.28125,-131367.484375,-170930.03125,-180653.140625
mit,746.927614003,-20942.958984375,-20473.34765625,-18318.328125,-9761.140625,-139049.734375,-131411.515625,-170852.640625,-180655.109375
mit,746.932467056,-20940.365234375,-20470.845703125,-18315.845703125,-9761.341796875,-139126.953125,-131435.5625,-170887.921875,-180655.46875
mit,746.936517001,-20934.30859375,-20464.85546875,-18310.19140625,-9757.8330078125,-138888.6875,-131388.984375,-170968.046875,-180652.625
mit,746.939577084,-20928.654296875,-20459.267578125,-18304.783203125,-9754.8154296875,-138791.84375,-131360.53125,-170941.5,-180650.078125
mit,746.943510218,-20925.970703125,-20456.853515625,-18302.30078125,-9755.150390625,-139004.46875,-131397.703125,-170855.453125,-180650.375
mit,746.947488768,-20924.5625,-20455.578125,-18300.9609375,-9756.4697265625,-139134.515625,-131431.75,-170869.296875,-180651.890625
mit,746.951529495,-20920.94140625,-20452.046875,-18297.62890625,-9755.552734375,-138933.34375,-131396.578125,-170957.109375,-180651.421875
mit,746.95555876,-20918.349609375,-20449.455078125,-18295.328125,-9755.5302734375,-138780.109375,-131360.484375,-170955.5,-180651.984375
mit,746.95966946,-20912.494140625,-20443.93359375,-18289.76171875,-9752.5576171875,-138960.015625,-131387.59375,-170865.546875,-180649.28125
mit,746.964514494,-20909.587890625,-20441.2734375,-18286.9453125,-9752.6025390625,-139131.703125,-131426.765625,-170854.703125,-180649.34375
mit,746.967533282,-20908.0234375,-20439.642578125,-18285.560546875,-9753.6533203125,-138980.484375,-131404.9375,-170943.859375,-180650.84375
mit,746.971545301,-20904.3125,-20435.998046875,-18282.20703125,-9752.4912109375,-138776.8125,-131359.1875,-170963.109375,-180650.3125
mit,746.97558921,-20899.10546875,-20431.1484375,-18277.201171875,-9750.1884765625,-138914.5,-131377.3125,-170877.90625,-180648.15625
mit,746.979542316,-20896.2890625,-20428.64453125,-18274.541015625,-9750.255859375,-139118.859375,-131421.0,-170844.90625,-180648.296875
mit,746.983550837,-20893.830078125,-20426.142578125,-18272.259765625,-9750.4794921875,-139023.921875,-131411.0625,-170926.78125,-180648.921875
mit,746.98852623,-20889.134765625,-20421.42578125,-18267.833984375,-9748.4228515625,-138785.09375,-131359.234375,-170966.125,-180647.421875
mit,746.991519538,-20882.498046875,-20414.8984375,-18261.3984375,-9744.578125,-138867.96875,-131364.9375,-170889.015625,-180643.828125
mit,746.994602217,-20880.486328125,-20413.1328125,-18259.498046875,-9745.3603515625,-139093.5625,-131410.9375,-170836.6875,-180644.78125
mit,746.999523347,-20877.53515625,-20410.31640625,-18256.703125,-9745.181640625,-139059.5625,-131413.21875,-170905.796875,-180644.984375
mit,747.00356015,-20874.16015625,-20406.94140625,-18253.685546875,-9744.3994140625,-138805.15625,-131361.296875,-170964.765625,-180644.90625
mit,747.007709941,-20870.359375,-20403.119140625,-18249.998046875,-9743.259765625,-138829.53125,-131357.453125,-170904.609375,-180644.03125
mit,747.011650705,-20867.833984375,-20400.951171875,-18247.673828125,-9743.7734375,-139062.703125,-131402.578125,-170835.8125,-180644.46875
mit,747.016572408,-20863.431640625,-20396.7265625,-18243.515625,-9742.25390625,-139089.0,-131415.875,-170886.734375,-180643.109375
mit,747.019593299,-20858.669921875,-20391.943359375,-18239.0234375,-9740.0185546875,-138835.828125,-131365.3125,-170959.3125,-180641.59375
mit,747.02276741,-20855.943359375,-20389.41796875,-18236.6328125,-9740.1083984375,-138796.265625,-131350.046875,-170918.40625,-180642.0625
mit,747.027613897,-20854.4453125,-20388.12109375,-18235.224609375,-9741.515625,-139023.96875,-131392.46875,-170838.8125,-180643.53125
mit,747.031618889,-20853.73046875,-20387.5625,-18234.576171875,-9743.5498046875,-139111.3125,-131419.875,-170872.40625,-180645.765625
mit,747.035633655,-20849.595703125,-20383.47265625,-18230.75390625,-9742.0078125,-138880.484375,-131376.765625,-170955.9375,-180644.765625
mit,747.039781084,-20844.833984375,-20378.822265625,-18226.349609375,-9739.8623046875,-138775.125,-131347.5,-170933.828125,-180643.140625
mit,747.043730315,-20841.68359375,-20375.849609375,-18223.287109375,-9739.59375,-138982.234375,-131382.859375,-170846.65625,-180643.046875
mit,747.047663772,-20836.005859375,-20370.3515625,-18217.767578125,-9736.8447265625,-139114.9375,-131413.84375,-170852.671875,-180640.40625
mit,747.05069701,-20832.98828125,-20367.490234375,-18215.0625,-9736.509765625,-138922.4375,-131381.296875,-170941.46875,-180640.546875
mit,747.055675512,-20832.921875,-20367.55859375,-18215.2421875,-9739.080078125,-138763.8125,-131346.3125,-170945.828125,-180643.71875
mit,747.059694781,-20831.087890625,-20365.8359375,-18213.498046875,-9740.0185546875,-138940.03125,-131375.421875,-170859.578125,-180644.828125
mit,747.063688191,-20827.66796875,-20362.505859375,-18210.255859375,-9739.4150390625,-139116.234375,-131414.75,-170844.546875,-180644.3125
mit,747.067706221,-20825.611328125,-20360.47265625,-18208.40234375,-9740.0185546875,-138974.5625,-131394.890625,-170933.046875,-180645.453125
mit,747.071746536,-20823.66796875,-20358.572265625,-18206.748046875,-9740.64453125,-138766.890625,-131349.84375,-170957.453125,-180646.625
mit,747.07575088,-20818.615234375,-20353.69921875,-18201.830078125,-9738.4541015625,-138895.578125,-131366.140625,-170873.140625,-180644.578125
mit,747.078769753,-20813.140625,-20348.46875,-18196.64453125,-9735.9951171875,-139100.3125,-131407.40625,-170834.03125,-180642.03125
mit,747.082747485,-20809.98828125,-20345.451171875,-18193.671875,-9735.50390625,-139015.484375,-131399.109375,-170913.84375,-180641.921875
mit,747.087695653,-20807.26171875,-20342.8359375,-18191.212890625,-9735.3916015625,-138775.640625,-131349.015625,-170958.453125,-180642.546875
mit,747.091787594,-20804.376953125,-20340.109375,-18188.486328125,-9735.3466796875,-138852.046875,-131356.421875,-170886.84375,-180642.6875
mit,747.09576909,-20801.78515625,-20337.583984375,-18185.892578125,-9735.5703125,-139078.03125,-131401.640625,-170831.046875,-180642.859375
mit,747.099785142,-20797.359375,-20333.337890625,-18181.69140625,-9733.9384765625,-139053.5625,-131404.875,-170896.671875,-180641.53125
mit,747.103735952,-20793.671875,-20329.783203125,-18178.361328125,-9732.8662109375,-138799.109375,-131353.09375,-170958.125,-180641.015625
mit,747.106875189,-20791.302734375,-20327.50390625,-18176.125,-9733.24609375,-138814.125,-131348.4375,-170901.8125,-180641.703125
mit,747.111744847,-20788.6875,-20325.15625,-18173.666015625,-9733.55859375,-139045.625,-131392.46875,-170830.515625,-180642.0625
mit,747.115744825,-20784.150390625,-20320.91015625,-18169.53125,-9731.9716796875,-139081.921875,-131407.671875,-170878.390625,-180640.765625
mit,747.119759955,-20779.5,-20316.259765625,-18165.263671875,-9729.87109375,-138832.1875,-131358.453125,-170953.203125,-180639.265625
mit,747.123859411,-20776.4609375,-20313.2421875,-18162.37890625,-9729.5576171875,-138781.921875,-131340.765625,-170914.828125,-180639.328125
mit,747.127836813,-20772.81640625,-20309.845703125,-18158.84765625,-9728.73046875,-139004.625,-131380.140625,-170831.5,-180638.546875
mit,747.131779524,-20769.330078125,-20306.58203125,-18155.517578125,-9728.015625,-139097.5625,-131406.171875,-170858.875,-180637.96875
mit,747.13676831,-20766.267578125,-20303.474609375,-18152.74609375,-9727.61328125,-138873.0625,-131365.53125,-170944.546875,-180638.109375
mit,747.139895024,-20765.12890625,-20302.423828125,-18151.875,-9729.1328125,-138761.90625,-131338.203125,-170929.28125,-180640.03125
mit,747.143814804,-20759.49609375,-20297.037109375,-18146.353515625,-9726.4287109375,-138962.34375,-131370.34375,-170839.4375,-180637.359375
mit,747.147815269,-20756.8125,-20294.53515625,-18143.873046875,-9726.697265625,-139105.328125,-131405.40625,-170845.0,-180637.8125
mit,747.151819841,-20756.43359375,-20294.220703125,-18143.849609375,-9728.9541015625,-138922.890625,-131377.15625,-170936.84375,-180640.578125
mit,747.154870137,-20754.33203125,-20292.076171875,-18141.94921875,-9729.4013671875,-138753.953125,-131338.453125,-170942.359375,-180641.6875
mit,747.158941147,-20749.4375,-20287.26953125,-18137.14453125,-9727.2783203125,-138920.921875,-131363.015625,-170853.265625,-180639.765625
mit,747.162848736,-20745.4140625,-20283.560546875,-18133.27734375,-9726.16015625,-139101.96875,-131402.640625,-170834.203125,-180638.6875
mit,747.166863216,-20740.98828125,-20279.201171875,-18129.1875,-9724.484375,-138966.765625,-131382.53125,-170919.75,-180637.328125
mit,747.170908696,-20736.205078125,-20274.5078125,-18124.716796875,-9722.2939453125,-138750.953125,-131334.046875,-170944.890625,-180635.6875
mit,747.175880957,-20729.72265625,-20268.13671875,-18118.48046875,-9718.6953125,-138870.96875,-131347.359375,-170860.484375,-180632.359375
mit,747.179870333,-20730.169921875,-20268.830078125,-18119.12890625,-9722.115234375,-139085.546875,-131394.8125,-170824.015625,-180635.78125
mit,747.18288453,-20727.80078125,-20266.68359375,-18117.1171875,-9722.6064453125,-139010.21875,-131389.234375,-170903.03125,-180636.5
mit,747.186876388,-20725.251953125,-20264.158203125,-18114.79296875,-9722.6513671875,-138766.640625,-131338.765625,-170950.5625,-180637.171875
mit,747.190904606,-20719.1953125,-20258.19140625,-18108.84765625,-9719.25390625,-138832.609375,-131341.421875,-170877.8125,-180633.984375
mit,747.194931537,-20716.06640625,-20255.1953125,-18105.830078125,-9719.0751953125,-139061.875,-131386.640625,-170819.296875,-180633.75
mit,747.199843064,-20712.04296875,-20251.41796875,-18102.119140625,-9717.95703125,-139045.671875,-131392.0625,-170883.046875,-180632.96875
mit,747.203888529,-20707.572265625,-20246.857421875,-18097.984375,-9716.1240234375,-138788.28125,-131339.34375,-170946.0,-180631.625
mit,747.207896272,-20703.951171875,-20243.349609375,-18094.498046875,-9715.23046875,-138793.765625,-131331.96875,-170891.203125,-180631.015625
mit,747.210936588,-20700.666015625,-20240.33203125,-18091.322265625,-9714.873046875,-139026.78125,-131375.546875,-170817.546875,-180630.75
mit,747.215938291,-20697.537109375,-20237.3359375,-18088.439453125,-9714.537109375,-139071.734375,-131393.25,-170863.6875,-180630.796875
mit,747.219917214,-20695.099609375,-20234.85546875,-18086.337890625,-9714.73828125,-138824.109375,-131346.390625,-170942.125,-180631.578125
mit,747.223042589,-20694.630859375,-20234.498046875,-18085.98046875,-9716.99609375,-138767.515625,-131329.6875,-170909.28125,-180634.109375
mit,747.227966091,-20692.619140625,-20232.732421875,-18084.1484375,-9717.845703125,-138992.796875,-131370.828125,-170827.25,-180635.0
mit,747.231981845,-20685.443359375,-20225.802734375,-18077.287109375,-9713.509765625,-139089.5625,-131394.59375,-170848.0,-180630.8125
mit,747.23603828,-20681.578125,-20221.98046875,-18073.642578125,-9712.2802734375,-138866.0,-131353.46875,-170933.203125,-180630.171875
mit,747.239085836,-20677.107421875,-20217.578125,-18069.396484375,-9710.5146484375,-138742.015625,-131320.875,-170917.4375,-180628.84375
mit,747.242984411,-20673.978515625,-20214.76171875,-18066.37890625,-9710.357421875,-138943.515625,-131355.078125,-170829.9375,-180628.625
mit,747.246972641,-20669.57421875,-20210.669921875,-18062.244140625,-9708.9267578125,-139091.78125,-131389.75,-170830.515625,-180627.28125
mit,747.250969797,-20667.96484375,-20209.0390625,-18060.791015625,-9709.8212890625,-138911.84375,-131361.21875,-170920.765625,-180628.8125
mit,747.255043111,-20665.685546875,-20206.69140625,-18058.689453125,-9710.15625,-138734.578125,-131320.96875,-170929.46875,-180629.71875
mit,747.259986588,-20664.412109375,-20205.619140625,-18057.68359375,-9711.765625,-138901.984375,-131348.65625,-170845.21875,-180631.4375
mit,747.264027275,-20659.6953125,-20201.08203125,-18053.19140625,-9709.9326171875,-139088.625,-131388.421875,-170822.15625,-180629.5
mit,747.267041344,-20654.28515625,-20195.806640625,-18048.05078125,-9707.2734375,-138957.671875,-131368.328125,-170905.3125,-180627.3125
mit,747.271013689,-20650.6875,-20192.3203125,-18044.720703125,-9706.267578125,-138735.921875,-131319.671875,-170934.515625,-180626.953125
mit,747.275084013,-20647.53515625,-20189.302734375,-18041.6796875,-9705.8876953125,-138853.6875,-131335.296875,-170855.1875,-180626.765625
mit,747.279042511,-20645.658203125,-20187.626953125,-18040.00390625,-9707.0048828125,-139070.96875,-131381.203125,-170813.75,-180627.859375
+,747.283088499,-20639.265625,-20181.30078125,-18033.833984375,-9703.3837890625,-138998.53125,-131372.984375,-170886.65625,-180624.53125
+,747.287098695,-20635.779296875,-20177.880859375,-18030.638671875,-9702.556640625,-138749.765625,-131321.015625,-170935.953125,-180624.265625
+,747.29211818,-20634.21484375,-20176.494140625,-18029.3203125,-9703.7197265625,-138811.28125,-131326.3125,-170869.9375,-180625.765625
+,747.29505676,-20632.58203125,-20175.04296875,-18027.77734375,-9705.015625,-139043.8125,-131372.953125,-170810.25,-180627.109375
+,747.29906022,-20629.251953125,-20171.779296875,-18024.6484375,-9704.3896484375,-139036.71875,-131380.484375,-170871.640625,-180626.796875
+,747.303054566,-20625.67578125,-20168.291015625,-18021.451171875,-9703.4736328125,-138780.28125,-131329.21875,-170937.921875,-180626.5
+,747.307106813,-20623.484375,-20166.28125,-18019.39453125,-9704.0322265625,-138777.640625,-131321.578125,-170887.625,-180627.4375
+,747.311093206,-20622.076171875,-20165.05078125,-18018.0546875,-9705.5517578125,-139011.28125,-131366.5,-170814.0,-180628.96875
+,747.315136195,-20619.1484375,-20162.4140625,-18015.37109375,-9705.4853515625,-139065.328125,-131385.984375,-170856.984375,-180629.046875
+,747.319084212,-20612.15234375,-20155.55078125,-18008.666015625,-9701.126953125,-138816.765625,-131335.546875,-170932.421875,-180625.203125
+,747.322180756,-20607.97265625,-20151.349609375,-18004.6875,-9699.583984375,-138746.234375,-131313.078125,-170898.875,-180624.140625
+,747.327124048,-20608.173828125,-20151.70703125,-18004.978515625,-9702.646484375,-138969.53125,-131355.4375,-170817.859375,-180627.265625
+,747.33109838,-20605.0234375,-20148.734375,-18001.9609375,-9702.4677734375,-139078.609375,-131384.78125,-170839.140625,-180627.046875
+,747.335145484,-20598.384765625,-20142.07421875,-17995.61328125,-9698.466796875,-138859.765625,-131342.875,-170922.6875,-180623.59375
+,747.339192119,-20595.90234375,-20139.771484375,-17993.4453125,-9698.7568359375,-138728.828125,-131310.625,-170912.328125,-180624.328125
+,747.344114676,-20592.125,-20136.150390625,-17989.95703125,-9697.9970703125,-138922.8125,-131342.375,-170823.5625,-180623.578125
+,747.347119194,-20588.4375,-20132.685546875,-17986.359375,-9697.169921875,-139077.65625,-131378.546875,-170821.0,-180622.75
+,747.350257848,-20585.599609375,-20129.84765625,-17983.69921875,-9696.8125,-138906.390625,-131351.1875,-170910.09375,-180622.859375
+,747.354258665,-20581.330078125,-20125.7109375,-17979.787109375,-9695.2255859375,-138720.5625,-131308.0,-170920.375,-180621.96875
+,747.359244301,-20578.087890625,-20122.828125,-17976.703125,-9695.001953125,-138877.328125,-131331.9375,-170834.65625,-180621.875
+,747.36323125,-20574.310546875,-20119.275390625,-17973.126953125,-9694.2197265625,-139068.4375,-131372.9375,-170808.828125,-180621.078125
+,747.36724339,-20571.25,-20116.458984375,-17970.421875,-9694.041015625,-138950.984375,-131357.765625,-170893.65625,-180621.234375
+,747.371256716,-20569.998046875,-20115.20703125,-17969.37109375,-9695.3154296875,-138727.828125,-131311.0,-170928.546875,-180623.0625
+,747.375227335,-20564.07421875,-20109.306640625,-17963.560546875,-9692.140625,-138832.390625,-131321.546875,-170847.609375,-180620.015625
+,747.378261219,-20561.34765625,-20106.734375,-17961.01171875,-9692.2529296875,-139049.953125,-131366.359375,-170801.90625,-180620.25
+,747.382268737,-20556.1171875,-20101.86328125,-17956.140625,-9689.9287109375,-138990.5,-131361.84375,-170874.5,-180618.234375
+,747.387212485,-20554.150390625,-20099.984375,-17954.5078125,-9690.7109375,-138742.859375,-131311.625,-170928.375,-180619.578125
+,747.391306367,-20553.904296875,-20099.783203125,-17954.306640625,-9693.19140625,-138794.8125,-131316.03125,-170865.546875,-180622.25
+,747.395271364,-20552.4296875,-20098.5546875,-17953.078125,-9694.64453125,-139026.0625,-131362.25,-170803.203125,-180623.75
+,747.399254366,-20547.98046875,-20094.1953125,-17948.78515625,-9692.9453125,-139028.71875,-131370.8125,-170861.15625,-180622.25
+,747.403189055,-20545.232421875,-20091.513671875,-17946.349609375,-9692.87890625,-138775.515625,-131321.078125,-170930.609375,-180622.859375
+,747.406311897,-20542.974609375,-20089.345703125,-17944.404296875,-9693.482421875,-138762.0625,-131311.296875,-170882.75,-180623.734375
+,747.410287825,-20534.681640625,-20081.298828125,-17936.24609375,-9688.05078125,-138986.25,-131348.4375,-170800.1875,-180618.390625
+,747.415233066,-20528.109375,-20074.927734375,-17929.943359375,-9684.33984375,-139046.15625,-131366.09375,-170836.59375,-180614.796875
+,747.41924687,-20527.060546875,-20074.01171875,-17929.09375,-9685.927734375,-138808.515625,-131323.21875,-170919.96875,-180617.09375
+,747.423311464,-20525.00390625,-20072.0234375,-17927.23828125,-9686.59765625,-138730.0625,-131301.09375,-170891.78125,-180618.078125
+,747.427308667,-20520.17578125,-20067.486328125,-17922.6796875,-9684.8095703125,-138944.140625,-131337.21875,-170804.5625,-180616.28125
+,747.431219412,-20516.12890625,-20063.529296875,-17918.8125,-9683.6474609375,-139059.953125,-131366.765625,-170821.3125,-180615.15625
+,747.434271696,-20511.994140625,-20059.416015625,-17914.87890625,-9682.1279296875,-138850.515625,-131329.15625,-170908.40625,-180614.140625
+,747.438324353,-20513.55859375,-20061.0703125,-17916.755859375,-9686.330078125,-138715.109375,-131299.515625,-170905.65625,-180618.953125
+,747.443269676,-20510.1171875,-20057.806640625,-17913.515625,-9685.837890625,-138903.734375,-131330.265625,-170817.15625,-180618.5625
+,747.447277365,-20503.34375,-20051.326171875,-17906.98828125,-9681.970703125,-139061.515625,-131364.203125,-170807.828125,-180614.828125
+,747.451295138,-20500.283203125,-20048.330078125,-17904.23828125,-9681.6357421875,-138898.296875,-131338.578125,-170896.75,-180614.921875
+,747.45536991,-20497.869140625,-20045.9609375,-17902.115234375,-9681.9267578125,-138707.234375,-131295.90625,-170912.09375,-180615.703125
+,747.459332054,-20496.818359375,-20045.134765625,-17901.220703125,-9683.7587890625,-138858.578125,-131320.203125,-170829.171875,-180617.703125
+,747.46237876,-20491.38671875,-20039.859375,-17895.947265625,-9681.2109375,-139052.53125,-131360.234375,-170798.484375,-180615.171875
+,747.466379079,-20485.6640625,-20034.2265625,-17890.380859375,-9678.1708984375,-138941.734375,-131344.328125,-170879.46875,-180612.4375
+,747.471280969,-20482.802734375,-20031.3203125,-17887.720703125,-9677.92578125,-138712.28125,-131295.359375,-170915.71875,-180612.734375
+,747.475446284,-20480.814453125,-20029.48828125,-17885.93359375,-9678.796875,-138812.171875,-131308.09375,-170840.265625,-180613.859375
+,747.480500054,-20478.69140625,-20027.54296875,-17884.009765625,-9679.6240234375,-139032.75,-131353.625,-170792.296875,-180614.703125
+,747.484445817,-20472.56640625,-20021.5078125,-17878.064453125,-9676.2041015625,-138981.734375,-131350.078125,-170861.96875,-180611.53125
+,747.487462109,-20468.3203125,-20017.3515625,-17874.19921875,-9674.7509765625,-138730.078125,-131297.59375,-170916.390625,-180610.609375
+,747.490491006,-20464.921875,-20014.109375,-17870.98046875,-9674.1474609375,-138769.515625,-131297.015625,-170852.734375,-180610.234375
+,747.494559747,-20465.79296875,-20015.25,-17872.029296875,-9678.0595703125,-139004.40625,-131345.59375,-170790.65625,-180614.234375
+,747.499426881,-20464.966796875,-20014.6015625,-17871.314453125,-9680.0712890625,-139020.046875,-131359.65625,-170849.671875,-180616.421875
+,747.50344583,-20460.921875,-20010.578125,-17867.537109375,-9678.55078125,-138765.6875,-131308.921875,-170919.828125,-180615.546875
+,747.507418479,-20456.8984375,-20006.734375,-17863.849609375,-9677.388671875,-138741.21875,-131295.5625,-170872.921875,-180614.59375
+,747.510471355,-20451.66796875,-20001.681640625,-17858.73046875,-9675.0869140625,-138968.703125,-131335.5625,-170792.109375,-180612.25
+,747.514463959,-20449.298828125,-19999.423828125,-17856.541015625,-9675.578125,-139040.8125,-131358.875,-170829.515625,-180612.875
+,747.518481612,-20443.0625,-19993.27734375,-17850.68359375,-9672.091796875,-138800.15625,-131311.40625,-170908.84375,-180609.9375
+,747.522785887,-20438.166015625,-19988.5390625,-17845.9453125,-9669.9453125,-138709.828125,-131284.890625,-170881.28125,-180608.234375
+,747.526519682,-20434.546875,-19985.119140625,-17842.50390625,-9669.3427734375,-138923.421875,-131321.65625,-170794.578125,-180607.59375
+,747.531483276,-20432.04296875,-19982.66015625,-17840.1796875,-9669.7451171875,-139047.71875,-131353.796875,-170809.21875,-180608.015625
+,747.535440379,-20429.673828125,-19980.359375,-17838.078125,-9670.0126953125,-138844.359375,-131319.03125,-170898.421875,-180608.71875
+,747.538617283,-20422.431640625,-19973.138671875,-17831.171875,-9665.54296875,-138691.84375,-131279.1875,-170890.46875,-180604.703125
+,747.542482562,-20419.32421875,-19970.255859375,-17828.2421875,-9665.4306640625,-138877.796875,-131309.765625,-170802.84375,-180604.703125
+,747.546546631,-20418.20703125,-19969.427734375,-17827.28125,-9667.263671875,-139047.546875,-131350.1875,-170795.765625,-180606.609375
+,747.550551622,-20414.541015625,-19965.896484375,-17823.9296875,-9666.302734375,-138889.3125,-131325.28125,-170883.25,-180606.046875
+,747.554510204,-20408.21484375,-19959.482421875,-17817.759765625,-9662.6142578125,-138687.078125,-131277.546875,-170897.921875,-180602.984375
+,747.559665117,-20407.0078125,-19958.54296875,-17816.75390625,-9664.3798828125,-138833.59375,-131300.9375,-170816.203125,-180604.9375
+,747.563600492,-20402.29296875,-19954.005859375,-17812.240234375,-9662.63671875,-139033.703125,-131342.359375,-170783.203125,-180603.125
+,747.566513372,-20400.99609375,-19952.84375,-17811.189453125,-9664.0224609375,-138934.28125,-131332.34375,-170867.28125,-180604.90625
+,747.570495673,-20395.720703125,-19947.6796875,-17806.271484375,-9661.4072265625,-138697.09375,-131280.0625,-170904.125,-180602.90625
+,747.574545859,-20392.79296875,-19944.931640625,-17803.521484375,-9661.2958984375,-138789.15625,-131290.5,-170829.515625,-180602.96875
+,747.578596053,-20390.580078125,-19942.96484375,-17801.421875,-9662.1005859375,-139013.5625,-131336.421875,-170778.765625,-180603.734375
+,747.582631375,-20387.8984375,-19940.259765625,-17798.828125,-9662.1669921875,-138974.03125,-131338.0625,-170849.828125,-180604.125
+,747.587511101,-20386.333984375,-19938.6953125,-17797.5546875,-9663.150390625,-138722.0625,-131288.0,-170909.390625,-180605.875
+,747.591617413,-20383.0703125,-19935.677734375,-17794.58203125,-9662.837890625,-138753.28125,-131285.984375,-170848.328125,-180605.71875
+,747.594629475,-20381.013671875,-19933.8671875,-17792.546875,-9663.6875,-138987.015625,-131331.453125,-170780.984375,-180606.4375
+,747.598569966,-20378.978515625,-19932.01171875,-17790.826171875,-9664.5810546875,-139009.390625,-131345.796875,-170835.765625,-180607.609375
+,747.602586797,-20376.654296875,-19929.77734375,-17788.814453125,-9664.8720703125,-138756.75,-131297.140625,-170909.640625,-180608.53125
+,747.606640475,-20373.8828125,-19927.228515625,-17786.310546875,-9664.89453125,-138724.109375,-131283.28125,-170867.0625,-180608.84375
+,747.61065311,-20369.412109375,-19922.982421875,-17782.01953125,-9663.4189453125,-138952.171875,-131323.921875,-170785.71875,-180607.328125
+,747.615560606,-20363.69140625,-19917.37109375,-17776.431640625,-9660.5361328125,-139028.953125,-131345.359375,-170816.59375,-180604.671875
+,747.619558077,-20359.421875,-19913.2578125,-17772.51953125,-9659.015625,-138793.265625,-131300.65625,-170898.953125,-180603.703125
+,747.622669968,-20357.7890625,-19911.6484375,-17771.044921875,-9660.177734375,-138697.015625,-131275.578125,-170877.71875,-180605.15625
+,747.626599604,-20354.03515625,-19908.095703125,-17767.513671875,-9659.373046875,-138908.6875,-131311.828125,-170790.625,-180604.359375
+,747.630634389,-20346.94921875,-19901.232421875,-17760.673828125,-9655.3505859375,-139035.71875,-131340.765625,-170797.65625,-180600.390625
+,747.63461377,-20341.205078125,-19895.623046875,-17755.197265625,-9652.2431640625,-138833.875,-131303.734375,-170883.4375,-180597.890625
+,747.638706241,-20339.86328125,-19894.326171875,-17754.19140625,-9653.583984375,-138678.8125,-131268.234375,-170884.25,-180599.703125
+,747.643628798,-20339.349609375,-19893.87890625,-17753.7890625,-9655.931640625,-138862.828125,-131300.234375,-170799.484375,-180602.09375
+,747.646673294,-20336.154296875,-19890.75,-17750.66015625,-9655.595703125,-139036.09375,-131339.3125,-170787.0,-180601.796875
+,747.65062697,-20333.6953125,-19888.4921875,-17748.470703125,-9655.953125,-138885.9375,-131317.078125,-170874.921875,-180602.59375
+,747.654692295,-20331.572265625,-19886.458984375,-17746.681640625,-9656.556640625,-138681.203125,-131272.515625,-170896.953125,-180603.640625
+,747.659640409,-20330.05078125,-19885.05078125,-17745.33984375,-9657.8310546875,-138820.96875,-131294.109375,-170815.984375,-180605.09375
+,747.662667116,-20327.19140625,-19882.4140625,-17742.63671875,-9657.9208984375,-139027.203125,-131337.9375,-170781.8125,-180605.140625
+,747.666626187,-20322.83203125,-19878.27734375,-17738.5234375,-9656.490234375,-138932.875,-131326.765625,-170861.296875,-180604.015625
+,747.670665738,-20317.310546875,-19872.712890625,-17733.203125,-9653.583984375,-138690.984375,-131273.671875,-170900.75,-180601.671875
+,747.674687577,-20314.205078125,-19869.740234375,-17730.296875,-9653.4052734375,-138775.078125,-131282.25,-170828.015625,-180601.515625
+,747.678748735,-20310.26953125,-19866.095703125,-17726.54296875,-9652.51171875,-139000.203125,-131326.53125,-170772.796875,-180600.578125
skt,747.682730176,-20305.017578125,-19861.0,-17721.490234375,-9650.0302734375,-138966.421875,-131327.25,-170838.78125,-180598.46875
skt,747.687653,-20302.201171875,-19858.20703125,-17718.98828125,-9649.896484375,-138711.65625,-131275.96875,-170899.5625,-180598.90625
skt,747.690660665,-20299.541015625,-19855.814453125,-17716.595703125,-9650.142578125,-138734.6875,-131272.890625,-170841.890625,-180599.40625
skt,747.693709699,-20296.03125,-19852.4609375,-17713.220703125,-9649.6279296875,-138967.84375,-131316.90625,-170771.171875,-180598.90625
skt,747.698758524,-20292.03125,-19848.6171875,-17709.421875,-9648.48828125,-138996.828125,-131330.734375,-170821.0625,-180597.984375
skt,747.702716688,-20290.287109375,-19846.873046875,-17707.87890625,-9649.29296875,-138745.765625,-131283.21875,-170897.171875,-180599.34375
skt,747.706699659,-20287.806640625,-19844.52734375,-17705.7109375,-9649.560546875,-138703.53125,-131267.75,-170857.703125,-180600.0625
skt,747.710801255,-20287.11328125,-19844.013671875,-17705.197265625,-9651.818359375,-138933.859375,-131311.453125,-170778.8125,-180602.25
skt,747.715736447,-20283.11328125,-19840.212890625,-17701.44140625,-9650.767578125,-139020.71875,-131336.09375,-170808.296875,-180601.25
skt,747.718721602,-20278.150390625,-19835.384765625,-17696.79296875,-9648.6669921875,-138788.1875,-131292.03125,-170890.890625,-180599.609375
skt,747.721872574,-20275.84765625,-19833.171875,-17694.736328125,-9649.0693359375,-138681.5625,-131264.359375,-170872.015625,-180600.46875
skt,747.726769493,-20273.814453125,-19831.361328125,-17692.8359375,-9650.0302734375,-138891.140625,-131301.140625,-170786.140625,-180601.328125
skt,747.730811701,-20267.869140625,-19825.68359375,-17687.181640625,-9647.0576171875,-139026.78125,-131332.390625,-170790.890625,-180598.390625
skt,747.734800819,-20265.8125,-19823.650390625,-17685.392578125,-9647.7060546875,-138834.75,-131300.703125,-170880.421875,-180599.4375
skt,747.73887946,-20262.728515625,-19820.587890625,-17682.62109375,-9647.326171875,-138669.53125,-131261.921875,-170882.796875,-180599.5625
skt,747.743760761,-20257.005859375,-19815.06640625,-17676.921875,-9644.46484375,-138842.828125,-131287.53125,-170793.34375,-180596.90625
skt,747.746783358,-20253.853515625,-19812.138671875,-17674.083984375,-9644.3974609375,-139022.75,-131327.984375,-170777.8125,-180596.78125
skt,747.749832699,-20250.814453125,-19809.27734375,-17671.333984375,-9644.21875,-138880.03125,-131306.9375,-170864.578125,-180596.9375
skt,747.754792737,-20245.62890625,-19804.13671875,-17666.37109375,-9641.759765625,-138665.5,-131257.984375,-170886.5,-180594.9375
skt,747.758835281,-20245.3828125,-19803.98046875,-17666.3046875,-9644.4873046875,-138799.125,-131279.234375,-170808.046875,-180597.734375
skt,747.762811756,-20244.35546875,-19803.17578125,-17665.388671875,-9646.3427734375,-139011.515625,-131325.46875,-170772.671875,-180599.546875
skt,747.766818734,-20241.583984375,-19800.427734375,-17662.83984375,-9646.2080078125,-138927.6875,-131317.546875,-170851.8125,-180599.875
skt,747.77083384,-20234.744140625,-19793.498046875,-17656.3359375,-9642.0283203125,-138680.546875,-131262.703125,-170892.65625,-180596.125
skt,747.773836872,-20228.529296875,-19787.57421875,-17650.435546875,-9638.7646484375,-138752.796875,-131266.65625,-170819.03125,-180593.046875
skt,747.777884671,-20225.736328125,-19785.00390625,-17647.708984375,-9638.921875,-138981.8125,-131312.4375,-170762.671875,-180593.28125
skt,747.782783124,-20225.244140625,-19784.7578125,-17647.529296875,-9641.3798828125,-138962.46875,-131319.828125,-170831.140625,-180596.03125
skt,747.786805058,-20220.818359375,-19780.421875,-17643.37109375,-9639.6142578125,-138704.9375,-131266.8125,-170892.25,-180594.8125
skt,747.790891091,-20217.509765625,-19777.181640625,-17640.2421875,-9639.1455078125,-138717.046875,-131261.09375,-170836.21875,-180594.453125
skt,747.794887394,-20216.28125,-19776.041015625,-17639.080078125,-9640.888671875,-138952.75,-131306.984375,-170765.96875,-180596.03125
skt,747.797924567,-20214.560546875,-19774.41015625,-17637.58203125,-9641.9609375,-138993.671875,-131325.125,-170815.265625,-180597.453125
skt,747.801896833,-20210.42578125,-19770.296875,-17633.759765625,-9640.5087890625,-138742.78125,-131276.125,-170890.984375,-180596.625
skt,747.805952096,-20206.021484375,-19766.05078125,-17629.603515625,-9638.9443359375,-138688.78125,-131256.796875,-170852.53125,-180595.40625
skt,747.810908307,-20202.333984375,-19762.5625,-17626.138671875,-9638.2509765625,-138913.65625,-131296.765625,-170769.40625,-180594.515625
skt,747.814873313,-20200.8359375,-19761.333984375,-17624.8203125,-9639.7265625,-139011.046875,-131325.234375,-170797.859375,-180596.0
skt,747.818887652,-20197.23828125,-19757.734375,-17621.466796875,-9638.8994140625,-138784.9375,-131283.703125,-170882.796875,-180595.703125
skt,747.822902423,-20193.482421875,-19754.046875,-17617.9140625,-9637.669921875,-138667.671875,-131252.9375,-170865.65625,-180595.078125
skt,747.825982377,-20187.55859375,-19748.28125,-17612.19140625,-9634.697265625,-138868.6875,-131284.78125,-170775.546875,-180591.96875
skt,747.829945486,-20186.3515625,-19747.185546875,-17611.095703125,-9636.3291015625,-139015.71875,-131321.859375,-170781.5,-180593.71875
skt,747.833981017,-20183.849609375,-19744.771484375,-17608.837890625,-9636.5302734375,-138831.015625,-131291.484375,-170870.859375,-180594.421875
skt,747.838107094,-20181.033203125,-19742.021484375,-17606.291015625,-9636.57421875,-138658.203125,-131251.59375,-170876.765625,-180594.859375
skt,747.842930934,-20178.529296875,-19739.80859375,-17604.123046875,-9637.111328125,-138827.78125,-131278.75,-170790.78125,-180595.4375
skt,747.846958535,-20173.90234375,-19735.40625,-17599.5625,-9635.3896484375,-139010.9375,-131318.203125,-170770.171875,-180593.78125
skt,747.850977529,-20170.013671875,-19731.583984375,-17595.896484375,-9634.2724609375,-138876.9375,-131298.703125,-170855.6875,-180593.0
skt,747.854057838,-20165.498046875,-19727.134765625,-17591.76171875,-9632.529296875,-138658.234375,-131249.796875,-170881.90625,-180591.75
skt,747.85803381,-20162.099609375,-19723.939453125,-17588.587890625,-9632.08203125,-138780.109375,-131266.03125,-170801.34375,-180591.296875
skt,747.861997113,-20157.83203125,-19719.8046875,-17584.296875,-9630.71875,-138992.171875,-131309.09375,-170759.328125,-180589.9375
skt,747.866022508,-20156.4453125,-19718.5078125,-17583.15625,-9631.9921875,-138919.375,-131304.765625,-170838.453125,-180591.703125
skt,747.871053762,-20151.974609375,-19714.171875,-17579.06640625,-9630.2939453125,-138672.140625,-131252.109375,-170884.8125,-180590.515625
skt,747.875064834,-20150.8125,-19713.142578125,-17578.060546875,-9631.9697265625,-138739.84375,-131259.140625,-170817.890625,-180592.34375
skt,747.879020632,-20145.515625,-19708.0703125,-17572.875,-9629.623046875,-138967.453125,-131302.28125,-170756.46875,-180590.0
skt,747.882022893,-20140.576171875,-19703.2421875,-17568.1796875,-9627.544921875,-138953.3125,-131307.171875,-170817.90625,-180588.171875
skt,747.886001771,-20137.24609375,-19699.822265625,-17565.005859375,-9626.8515625,-138696.734375,-131255.40625,-170882.484375,-180587.90625
skt,747.890041762,-20134.474609375,-19697.095703125,-17562.34765625,-9626.8291015625,-138699.4375,-131248.140625,-170829.515625,-180588.140625
skt,747.894116554,-20127.74609375,-19690.61328125,-17555.865234375,-9623.0517578125,-138928.859375,-131288.265625,-170751.921875,-180584.375
skt,747.899030226,-20126.673828125,-19689.80859375,-17555.08203125,-9624.9736328125,-138979.234375,-131308.75,-170799.0,-180586.53125
skt,747.903010928,-20123.298828125,-19686.455078125,-17551.974609375,-9624.3486328125,-138731.953125,-131261.328125,-170877.046875,-180586.46875
skt,747.907036568,-20120.5703125,-19683.70703125,-17549.517578125,-9624.3701171875,-138669.484375,-131241.6875,-170843.28125,-180586.9375
skt,747.910055254,-20114.71484375,-19678.20703125,-17543.81640625,-9621.5546875,-138889.734375,-131278.875,-170757.109375,-180584.078125
skt,747.914091695,-20109.953125,-19673.669921875,-17539.2578125,-9619.7666015625,-138992.0,-131305.5625,-170778.953125,-180582.34375
skt,747.918076558,-20109.529296875,-19673.267578125,-17539.1015625,-9622.0234375,-138774.46875,-131268.6875,-170867.953125,-180584.96875
skt,747.922128597,-20108.8359375,-19672.6875,-17538.765625,-9624.1025390625,-138651.3125,-131239.46875,-170857.5,-180587.453125
skt,747.927031372,-20105.52734375,-19669.6015625,-17535.591796875,-9623.72265625,-138850.265625,-131272.796875,-170769.734375,-180587.171875
skt,747.931077336,-20100.298828125,-19664.640625,-17530.5625,-9621.509765625,-138999.796875,-131306.75,-170767.859375,-180584.90625
skt,747.934104565,-20093.861328125,-19658.158203125,-17524.37109375,-9617.8212890625,-138818.578125,-131274.34375,-170853.296875,-180581.671875
skt,747.938124566,-20088.67578125,-19653.0390625,-17519.498046875,-9615.36328125,-138636.0,-131230.90625,-170860.5625,-180579.671875
skt,747.94209995,-20087.19921875,-19651.765625,-17518.158203125,-9616.8154296875,-138800.0,-131257.640625,-170776.296875,-180581.203125
skt,747.946089989,-20087.53515625,-19652.369140625,-17518.73828125,-9620.1904296875,-138992.953125,-131302.4375,-170756.828125,-180584.546875
skt,747.950127799,-20084.740234375,-19649.732421875,-17516.189453125,-9620.1689453125,-138868.578125,-131285.921875,-170842.34375,-180584.921875
skt,747.956130898,-20081.455078125,-19646.4453125,-17513.12890625,-9619.498046875,-138645.65625,-131237.5,-170873.296875,-180584.90625
skt,747.95916555,-20078.146484375,-19643.294921875,-17510.04296875,-9619.0283203125,-138759.453125,-131252.234375,-170794.28125,-180584.65625
skt,747.963107986,-20077.208984375,-19642.578125,-17509.23828125,-9621.1298828125,-138978.125,-131298.9375,-170752.546875,-180586.515625
skt,747.966142066,-20073.4765625,-19639.046875,-17505.841796875,-9620.2578125,-138912.671875,-131294.28125,-170827.5,-180586.0
skt,747.970108786,-20068.849609375,-19634.419921875,-17501.505859375,-9618.3134765625,-138662.40625,-131241.109375,-170876.609375,-180584.578125
skt,747.974161498,-20062.791015625,-19628.54296875,-17495.6484375,-9615.162109375,-138715.546875,-131241.21875,-170806.796875,-180581.578125
skt,747.978159788,-20058.767578125,-19624.7421875,-17491.849609375,-9614.2001953125,-138946.0625,-131285.625,-170744.1875,-180580.65625
skt,747.982184521,-20057.8515625,-19623.982421875,-17491.1796875,-9616.189453125,-138945.640625,-131296.53125,-170807.359375,-180582.734375
skt,747.987193292,-20056.9140625,-19623.1328125,-17490.576171875,-9618.044921875,-138691.875,-131247.796875,-170876.828125,-180585.015625
skt,747.99021122,-20055.4375,-19621.791015625,-17489.255859375,-9619.341796875,-138685.6875,-131239.78125,-170827.71875,-180586.671875
skt,747.994128124,-20049.716796875,-19616.359375,-17483.7578125,-9616.63671875,-138915.578125,-131280.46875,-170749.453125,-180583.90625
skt,747.998241801,-20047.033203125,-19613.8125,-17481.25390625,-9616.8603515625,-138973.171875,-131300.890625,-170791.578125,-180584.21875
skt,748.002277989,-20044.732421875,-19611.5546875,-17479.17578125,-9617.2177734375,-138729.8125,-131255.484375,-170872.171875,-180585.078125
skt,748.00627183,-20041.400390625,-19608.26953125,-17476.181640625,-9616.7041015625,-138656.921875,-131233.46875,-170840.84375,-180584.953125
skt,748.010313168,-20038.25,-19605.384765625,-17473.185546875,-9616.681640625,-138877.515625,-131272.71875,-170756.578125,-180584.890625
skt,748.015225085,-20033.130859375,-19600.490234375,-17468.22265625,-9614.46875,-138987.421875,-131300.40625,-170774.640625,-180582.6875
skt,748.018245295,-20029.197265625,-19596.578125,-17464.53515625,-9613.216796875,-138771.390625,-131261.171875,-170860.6875,-180581.90625
skt,748.021439334,-20023.5859375,-19590.947265625,-17459.193359375,-9610.3115234375,-138633.953125,-131225.078125,-170848.390625,-180579.5
skt,748.026257795,-20019.51953125,-19587.080078125,-17455.349609375,-9609.2158203125,-138828.09375,-131256.75,-170759.953125,-180578.453125
skt,748.03025972,-20017.796875,-19585.603515625,-17453.78515625,-9610.53515625,-138987.890625,-131295.359375,-170758.359375,-180579.78125
skt,748.034278978,-20011.650390625,-19579.501953125,-17447.90625,-9607.2041015625,-138813.9375,-131264.859375,-170843.796875,-180576.765625
skt,748.03841755,-20010.599609375,-19578.5859375,-17447.146484375,-9608.8359375,-138627.953125,-131224.28125,-170858.390625,-180578.9375
skt,748.043233845,-20009.638671875,-19577.84765625,-17446.341796875,-9610.7802734375,-138786.8125,-131250.34375,-170775.6875,-180580.90625
skt,748.046248011,-20006.822265625,-19575.1875,-17443.615234375,-9611.00390625,-138981.921875,-131292.625,-170750.03125,-180581.046875
skt,748.049300069,-20001.2578125,-19569.599609375,-17438.294921875,-9608.27734375,-138862.578125,-131274.90625,-170831.125,-180578.609375
skt,748.054380616,-19994.283203125,-19562.783203125,-17431.611328125,-9604.09765625,-138630.421875,-131222.078125,-170861.1875,-180574.84375
skt,748.058303872,-19992.294921875,-19561.017578125,-17429.82421875,-9605.013671875,-138738.3125,-131236.640625,-170785.296875,-180575.859375
skt,748.06228244,-19988.3828125,-19557.375,-17426.134765625,-9604.1201171875,-138957.640625,-131280.796875,-170737.890625,-180575.078125
skt,748.066288272,-19984.962890625,-19554.06640625,-17422.828125,-9603.4267578125,-138900.640625,-131278.125,-170810.875,-180574.765625
skt,748.070362699,-19984.716796875,-19553.841796875,-17422.916015625,-9605.86328125,-138651.140625,-131228.953125,-170866.640625,-180577.78125
skt,748.074303128,-19982.169921875,-19551.427734375,-17420.615234375,-9606.265625,-138699.25,-131230.90625,-170802.796875,-180578.25
skt,748.077349544,-19978.369140625,-19547.875,-17417.037109375,-9605.4833984375,-138932.4375,-131275.59375,-170738.296875,-180577.53125
+,748.08226499,-19978.123046875,-19547.8515625,-17417.08203125,-9608.1435546875,-138940.859375,-131288.734375,-170799.171875,-180580.375
+,748.086335799,-19974.5703125,-19544.3203125,-17413.73046875,-9607.2041015625,-138682.453125,-131237.28125,-170867.484375,-180579.859375
+,748.090357732,-19969.763671875,-19539.537109375,-17409.193359375,-9605.2822265625,-138663.890625,-131224.390625,-170818.09375,-180578.15625
+,748.094353981,-19963.818359375,-19533.748046875,-17403.380859375,-9602.3544921875,-138896.015625,-131265.046875,-170738.875,-180575.046875
+,748.098292593,-19960.935546875,-19530.998046875,-17400.765625,-9602.3984375,-138961.796875,-131286.796875,-170777.8125,-180575.203125
+,748.101347252,-19957.626953125,-19527.802734375,-17397.748046875,-9601.8173828125,-138715.15625,-131240.1875,-170856.953125,-180575.1875
+,748.105354109,-19952.0390625,-19522.37109375,-17392.33984375,-9599.0234375,-138629.1875,-131213.546875,-170825.984375,-180572.6875
+,748.110334208,-19948.865234375,-19519.46484375,-17389.34375,-9598.9794921875,-138852.59375,-131253.046875,-170742.71875,-180572.546875
+,748.114331899,-19946.048828125,-19516.73828125,-17386.68359375,-9599.0458984375,-138973.890625,-131284.671875,-170760.203125,-180572.796875
+,748.118351397,-19944.484375,-19515.12890625,-17385.3203125,-9600.0966796875,-138759.15625,-131247.953125,-170846.984375,-180574.40625
+,748.122400765,-19940.236328125,-19510.994140625,-17381.4765625,-9598.666015625,-138611.34375,-131211.046875,-170838.203125,-180573.375
+,748.12635412,-19936.884765625,-19507.955078125,-17378.4375,-9598.3759765625,-138807.84375,-131243.765625,-170752.828125,-180573.078125
+,748.129437085,-19935.7890625,-19507.015625,-17377.609375,-9600.38671875,-138978.0,-131284.671875,-170749.578125,-180575.03125
+,748.133427915,-19932.01171875,-19503.283203125,-17374.099609375,-9599.4033203125,-138806.546875,-131256.578125,-170834.34375,-180574.359375
+,748.138455867,-19930.8046875,-19502.09765625,-17372.982421875,-9600.7890625,-138607.546875,-131213.28125,-170849.921875,-180576.28125
+,748.142400399,-19926.40234375,-19497.962890625,-17368.84765625,-9599.380859375,-138763.34375,-131236.1875,-170767.1875,-180574.890625
+,748.146416297,-19922.869140625,-19494.677734375,-17365.5625,-9598.8447265625,-138968.65625,-131280.0,-170739.703125,-180574.359375
+,748.150429946,-19920.208984375,-19492.0625,-17363.037109375,-9598.8896484375,-138854.484375,-131265.578125,-170820.390625,-180574.6875
+,748.153572131,-19918.0859375,-19489.916015625,-17361.091796875,-9599.5380859375,-138614.125,-131214.828125,-170855.375,-180575.921875
+,748.157470269,-19913.302734375,-19485.2890625,-17356.64453125,-9597.81640625,-138717.046875,-131226.328125,-170780.3125,-180574.265625
+,748.161467329,-19906.888671875,-19479.1875,-17350.408203125,-9594.4638671875,-138945.125,-131270.03125,-170730.453125,-180570.78125
+,748.165467507,-19904.98828125,-19477.265625,-17348.57421875,-9595.291015625,-138894.328125,-131269.6875,-170801.25,-180571.765625
+,748.170509682,-19902.306640625,-19474.583984375,-17346.048828125,-9595.2685546875,-138630.4375,-131215.5625,-170853.671875,-180572.28125
+,748.174468284,-19897.2109375,-19469.642578125,-17341.154296875,-9593.1455078125,-138670.53125,-131214.03125,-170790.890625,-180570.40625
+,748.17848336,-19893.8125,-19466.513671875,-17338.11328125,-9592.6982421875,-138914.6875,-131261.171875,-170727.96875,-180569.890625
+,748.181500558,-19888.447265625,-19461.26171875,-17332.927734375,-9590.216796875,-138925.015625,-131270.4375,-170780.1875,-180567.625
+,748.185465447,-19884.89453125,-19457.73046875,-17329.576171875,-9589.3232421875,-138656.453125,-131216.9375,-170846.4375,-180567.1875
+,748.189483964,-19881.921875,-19454.869140625,-17326.9375,-9589.255859375,-138631.4375,-131204.1875,-170802.015625,-180567.359375
+,748.194459739,-19878.43359375,-19451.6953125,-17323.697265625,-9588.8310546875,-138875.125,-131249.265625,-170727.34375,-180566.90625
+,748.198474996,-19875.70703125,-19449.28125,-17321.26171875,-9589.14453125,-138950.171875,-131272.984375,-170763.421875,-180567.21875
+,748.202494679,-19874.1875,-19447.73828125,-17320.009765625,-9590.3740234375,-138699.4375,-131226.875,-170842.296875,-180569.0
+,748.206562197,-19870.857421875,-19444.498046875,-17316.8359375,-9589.7919921875,-138605.21875,-131200.578125,-170816.328125,-180568.859375
+,748.209548693,-19867.326171875,-19441.14453125,-17313.416015625,-9589.2109375,-138834.3125,-131240.96875,-170734.984375,-180568.1875
+,748.213529025,-19863.234375,-19437.322265625,-17309.5703125,-9588.205078125,-138964.34375,-131273.1875,-170748.53125,-180567.140625
+,748.217547855,-19861.3125,-19435.35546875,-17307.9609375,-9588.8759765625,-138746.75,-131235.609375,-170832.421875,-180568.546875
+,748.221603867,-19859.390625,-19433.412109375,-17306.1953125,-9589.658203125,-138589.265625,-131198.75,-170828.0625,-180569.734375
+,748.226520142,-19855.255859375,-19429.65625,-17302.41796875,-9588.7197265625,-138789.453125,-131231.71875,-170745.109375,-180568.609375
+,748.23052188,-19851.1875,-19425.900390625,-17298.595703125,-9587.7138671875,-138967.859375,-131271.890625,-170737.28125,-180567.625
+,748.23457761,-19848.349609375,-19423.041015625,-17295.9140625,-9587.5576171875,-138795.8125,-131244.390625,-170819.609375,-180567.890625
+,748.237704948,-19843.654296875,-19418.45703125,-17291.5546875,-9585.634765625,-138579.265625,-131194.71875,-170832.390625,-180566.40625
+,748.241604175,-19840.615234375,-19415.59765625,-17288.6953125,-9585.6123046875,-138739.40625,-131219.765625,-170754.90625,-180566.359375
+,748.245595318,-19836.255859375,-19411.484375,-17284.513671875,-9584.3388671875,-138957.734375,-131265.6875,-170726.671875,-180565.015625
+,748.249608029,-19834.2890625,-19409.673828125,-17282.771484375,-9585.076171875,-138843.453125,-131251.765625,-170803.828125,-180566.125
+,748.253759152,-19830.78125,-19406.1640625,-17279.552734375,-9584.1826171875,-138585.125,-131196.15625,-170836.421875,-180565.8125
+,748.258614479,-19826.82421875,-19402.41015625,-17275.88671875,-9583.220703125,-138690.890625,-131209.234375,-170767.1875,-180564.90625
+,748.261605038,-19823.025390625,-19398.876953125,-17272.33203125,-9582.70703125,-138939.03125,-131259.375,-170722.046875,-180564.078125
+,748.265581795,-19819.359375,-19395.30078125,-17268.869140625,-9581.8349609375,-138885.84375,-131256.65625,-170786.015625,-180563.53125
+,748.269657121,-19812.8984375,-19388.865234375,-17262.744140625,-9578.080078125,-138597.046875,-131194.21875,-170831.140625,-180560.234375
+,748.273707014,-19811.603515625,-19387.74609375,-17261.759765625,-9579.779296875,-138641.96875,-131197.359375,-170777.703125,-180562.125
+,748.277660139,-19811.87109375,-19388.328125,-17262.185546875,-9583.0869140625,-138913.796875,-131253.828125,-170723.765625,-180565.4375
+,748.281679013,-19808.83203125,-19385.421875,-17259.369140625,-9582.9306640625,-138924.15625,-131264.28125,-170772.515625,-180565.4375
+,748.286719391,-19806.484375,-19382.91796875,-17257.15625,-9583.109375,-138623.234375,-131203.984375,-170831.078125,-180566.25
+,748.289718801,-19803.84765625,-19380.4609375,-17254.7421875,-9583.310546875,-138593.71875,-131191.015625,-170791.0,-180566.625
+,748.293640455,-19797.296875,-19374.134765625,-17248.4609375,-9580.001953125,-138872.703125,-131241.953125,-170724.234375,-180563.03125
+,748.297673786,-19792.603515625,-19369.59765625,-17243.9453125,-9578.236328125,-138950.84375,-131264.125,-170754.671875,-180561.453125
+,748.301668082,-19791.53125,-19368.478515625,-17243.119140625,-9579.7568359375,-138650.3125,-131206.4375,-170818.296875,-180563.609375
+,748.305672162,-19788.6484375,-19365.595703125,-17240.32421875,-9579.6669921875,-138536.6875,-131176.359375,-170792.0,-180563.78125
+,748.309716088,-19784.177734375,-19361.505859375,-17236.14453125,-9578.3486328125,-138818.390625,-131228.59375,-170726.609375,-180562.328125
+,748.314685058,-19780.533203125,-19358.130859375,-17232.7265625,-9577.72265625,-138971.234375,-131265.921875,-170742.5625,-180561.640625
+,748.317695402,-19778.03125,-19355.42578125,-17230.46875,-9577.7900390625,-138696.84375,-131214.0,-170806.984375,-180562.28125
+,748.321699278,-19773.3359375,-19350.59765625,-17225.953125,-9575.7109375,-138502.78125,-131166.578125,-170794.375,-180560.625
+,748.325719128,-19769.783203125,-19347.447265625,-17222.712890625,-9575.353515625,-138756.875,-131213.125,-170730.109375,-180560.203125
+,748.329703111,-19768.53125,-19346.486328125,-17221.6171875,-9577.2978515625,-138975.53125,-131264.359375,-170732.078125,-180562.046875
+,748.333765299,-19764.283203125,-19342.1484375,-17217.458984375,-9575.5771484375,-138755.734375,-131223.890625,-170795.78125,-180560.828125
+,748.337888171,-19758.65234375,-19336.404296875,-17212.02734375,-9572.4921875,-138492.28125,-131162.359375,-170797.796875,-180558.28125
+,748.342757577,-19754.896484375,-19332.89453125,-17208.51953125,-9571.8662109375,-138693.046875,-131197.046875,-170735.28125,-180557.640625
+,748.345793322,-19753.82421875,-19332.26953125,-17207.84765625,-9574.1240234375,-138961.890625,-131257.09375,-170721.109375,-180559.71875
+,748.349708437,-19749.978515625,-19328.42578125,-17204.205078125,-9572.939453125,-138814.296875,-131233.015625,-170782.65625,-180558.859375
+,748.353927771,-19747.54296875,-19325.85546875,-17201.92578125,-9573.005859375,-138504.015625,-131165.78125,-170803.203125,-180559.375
+,748.357778145,-19742.22265625,-19320.87109375,-17196.896484375,-9570.7490234375,-138633.40625,-131184.109375,-170744.375,-180557.25
+,748.361785476,-19740.45703125,-19319.529296875,-17195.533203125,-9572.3359375,-138935.765625,-131248.703125,-170714.671875,-180558.671875
+,748.365833732,-19736.5234375,-19315.640625,-17191.8671875,-9571.3076171875,-138868.5,-131241.984375,-170769.5,-180557.765625
+,748.370874331,-19731.716796875,-19310.744140625,-17187.216796875,-9569.02734375,-138528.46875,-131168.328125,-170801.953125,-180556.09375
+,748.373864735,-19730.353515625,-19309.60546875,-17186.166015625,-9570.63671875,-138579.96875,-131173.375,-170755.390625,-180558.0
+,748.376828119,-19729.68359375,-19309.314453125,-17185.787109375,-9573.20703125,-138899.65625,-131240.609375,-170714.0,-180560.3125
+,748.381780404,-19728.455078125,-19308.15234375,-17184.71484375,-9574.90625,-138917.90625,-131253.71875,-170761.0625,-180562.171875
+,748.385798404,-19724.833984375,-19304.5078125,-17181.40625,-9573.8330078125,-138576.953125,-131182.71875,-170807.265625,-180561.59375
+,748.389874893,-19717.681640625,-19297.400390625,-17174.431640625,-9569.474609375,-138534.921875,-131164.015625,-170766.015625,-180557.53125
+,748.393861085,-19710.841796875,-19290.962890625,-17167.837890625,-9566.009765625,-138846.15625,-131223.0,-170709.015625,-180553.71875
+,748.398802706,-19709.923828125,-19290.248046875,-17167.056640625,-9568.111328125,-138944.390625,-131252.390625,-170742.859375,-180555.984375
+,748.401843932,-19709.72265625,-19289.935546875,-17167.056640625,-9570.3916015625,-138629.65625,-131191.421875,-170802.015625,-180558.796875
+,748.4048609,-19706.548828125,-19286.783203125,-17164.12890625,-9569.876953125,-138503.515625,-131158.5625,-170777.703125,-180558.6875
+,748.409835002,-19701.296875,-19281.93359375,-17159.2109375,-9567.91015625,-138794.046875,-131213.125,-170716.015625,-180556.5625
+,748.414871692,-19697.83203125,-19278.78125,-17155.9921875,-9567.5751953125,-138961.875,-131253.9375,-170731.609375,-180556.203125
+,748.418830754,-19698.7265625,-19279.498046875,-17156.953125,-9570.927734375,-138693.984375,-131205.5625,-170798.203125,-180560.0
+,748.421983628,-19696.15625,-19276.904296875,-17154.673828125,-9571.083984375,-138488.296875,-131157.359375,-170789.5,-180560.5
+,748.425879807,-19690.947265625,-19272.076171875,-17149.755859375,-9569.1396484375,-138737.59375,-131202.171875,-170725.421875,-180558.421875
+,748.428907285,-19686.74609375,-19268.25390625,-17145.912109375,-9568.15625,-138965.125,-131253.125,-170723.34375,-180557.25
+,748.432939049,-19683.572265625,-19264.96875,-17142.89453125,-9567.6640625,-138756.328125,-131215.578125,-170787.828125,-180557.125
+,748.437959044,-19677.73828125,-19259.068359375,-17137.283203125,-9564.400390625,-138481.5,-131151.546875,-170791.4375,-180554.421875
+,748.441953557,-19672.642578125,-19254.306640625,-17132.5234375,-9562.5234375,-138672.171875,-131183.4375,-170728.875,-180552.5625
+,748.445887973,-19670.697265625,-19252.80859375,-17130.869140625,-9563.8642578125,-138948.546875,-131244.546875,-170712.34375,-180553.65625
+,748.449903987,-19666.71875,-19248.830078125,-17127.158203125,-9562.5458984375,-138814.546875,-131223.296875,-170773.625,-180552.625
+,748.453987413,-19663.947265625,-19245.9921875,-17124.587890625,-9562.3447265625,-138497.15625,-131154.203125,-170795.796875,-180553.015625
+,748.456983376,-19658.359375,-19240.626953125,-17119.24609375,-9559.7744140625,-138613.375,-131169.515625,-170737.640625,-180550.546875
+,748.460957966,-19655.54296875,-19238.19140625,-17116.67578125,-9560.3330078125,-138918.890625,-131234.0,-170705.21875,-180550.78125
+,748.465882591,-19652.681640625,-19235.375,-17114.037109375,-9560.3330078125,-138868.078125,-131231.71875,-170760.671875,-180550.9375
+,748.46997459,-19647.474609375,-19229.853515625,-17108.94140625,-9557.4716796875,-138525.921875,-131157.21875,-170794.78125,-180548.765625
+,748.473956679,-19643.517578125,-19226.12109375,-17105.25390625,-9556.4658203125,-138559.9375,-131156.4375,-170746.703125,-180547.9375
+,748.477946178,-19640.90234375,-19223.88671875,-17102.90625,-9557.181640625,-138877.796875,-131221.6875,-170701.640625,-180548.453125
tag,748.481896098,-19641.05859375,-19224.35546875,-17103.353515625,-9560.3994140625,-138912.96875,-131239.8125,-170749.359375,-180551.671875
tag,748.48497072,-19636.3203125,-19219.416015625,-17098.7265625,-9558.1650390625,-138574.6875,-131168.734375,-170796.859375,-180550.03125
tag,748.489077162,-19633.81640625,-19217.001953125,-17096.447265625,-9558.4326171875,-138521.515625,-131151.0,-170761.46875,-180550.625
tag,748.493063597,-19633.236328125,-19216.7109375,-17096.15625,-9561.0927734375,-138834.75,-131215.046875,-170708.96875,-180553.078125
tag,748.497961786,-19628.900390625,-19212.642578125,-17092.087890625,-9559.8857421875,-138943.515625,-131244.09375,-170737.828125,-180551.796875
tag,748.501984359,-19622.685546875,-19206.318359375,-17085.94140625,-9556.0859375,-138631.078125,-131179.453125,-170793.125,-180548.515625
tag,748.5060883,-19620.205078125,-19203.8359375,-17083.751953125,-9556.33203125,-138491.65625,-131144.40625,-170771.640625,-180549.078125
tag,748.509089901,-19617.5,-19201.400390625,-17081.29296875,-9556.8681640625,-138777.4375,-131199.46875,-170711.140625,-180549.40625
tag,748.51301308,-19614.03515625,-19198.115234375,-17077.984375,-9556.578125,-138956.53125,-131242.625,-170724.546875,-180549.078125
tag,748.517004225,-19610.97265625,-19195.119140625,-17075.19140625,-9556.17578125,-138696.3125,-131193.28125,-170788.828125,-180549.140625
tag,748.52114908,-19609.341796875,-19193.576171875,-17073.87109375,-9557.248046875,-138479.828125,-131143.703125,-170783.28125,-180550.578125
tag,748.526014231,-19606.7265625,-19191.23046875,-17071.45703125,-9557.78515625,-138721.125,-131188.359375,-170721.0,-180551.046875
tag,748.5300218,-19599.328125,-19184.14453125,-17064.193359375,-9553.4033203125,-138953.75,-131237.59375,-170713.171875,-180546.578125
tag,748.534053734,-19594.076171875,-19178.69140625,-17059.119140625,-9550.7890625,-138756.90625,-131201.390625,-170776.40625,-180544.25
tag,748.5371601,-19592.376953125,-19176.947265625,-17057.7109375,-9551.7724609375,-138478.015625,-131139.96875,-170786.65625,-180545.71875
tag,748.541049735,-19589.224609375,-19174.197265625,-17054.849609375,-9551.7724609375,-138657.296875,-131170.59375,-170725.84375,-180545.765625
tag,748.545065193,-19584.173828125,-19169.548828125,-17050.15625,-9550.005859375,-138935.625,-131229.34375,-170703.671875,-180543.828125
tag,748.549086356,-19581.3125,-19166.642578125,-17047.49609375,-9549.89453125,-138818.0625,-131213.03125,-170766.28125,-180543.9375
tag,748.553250372,-19579.591796875,-19164.921875,-17046.04296875,-9550.69921875,-138497.90625,-131144.75,-170792.453125,-180545.4375
tag,748.558068624,-19576.10546875,-19161.63671875,-17042.78125,-9550.2744140625,-138601.6875,-131158.78125,-170737.015625,-180545.046875
tag,748.562123933,-19568.662109375,-19154.529296875,-17035.650390625,-9546.162109375,-138903.9375,-131218.390625,-170697.171875,-180540.6875
tag,748.565123245,-19565.46484375,-19151.443359375,-17032.69921875,-9545.7373046875,-138868.03125,-131219.296875,-170751.546875,-180540.359375
tag,748.569193232,-19565.64453125,-19151.533203125,-17033.056640625,-9548.486328125,-138532.328125,-131151.140625,-170794.078125,-180543.59375
tag,748.573190781,-19562.134765625,-19148.181640625,-17029.7265625,-9547.9052734375,-138551.40625,-131147.5625,-170747.609375,-180543.171875
tag,748.577131908,-19556.48046875,-19142.90625,-17024.33984375,-9545.4912109375,-138864.34375,-131208.734375,-170697.078125,-180540.6875
tag,748.582086918,-19554.9609375,-19141.67578125,-17023.111328125,-9547.123046875,-138911.984375,-131228.171875,-170741.640625,-180542.265625
tag,748.58625989,-19554.2890625,-19141.005859375,-17022.6640625,-9549.0224609375,-138583.1875,-131163.078125,-170795.828125,-180544.65625
tag,748.589195822,-19553.26171875,-19139.978515625,-17021.76953125,-9550.69921875,-138516.75,-131143.765625,-170763.578125,-180546.703125
tag,748.593119811,-19548.701171875,-19135.796875,-17017.58984375,-9549.4697265625,-138820.34375,-131201.875,-170704.9375,-180545.296875
tag,748.597128877,-19543.181640625,-19130.5,-17012.404296875,-9547.1005859375,-138940.171875,-131232.328125,-170730.375,-180542.75
tag,748.601141646,-19540.9453125,-19128.0859375,-17010.2578125,-9547.3017578125,-138641.359375,-131174.546875,-170791.890625,-180543.484375
tag,748.605152747,-19538.15234375,-19125.3828125,-17007.62109375,-9547.234375,-138488.1875,-131136.40625,-170772.21875,-180543.796875
tag,748.609203589,-19533.927734375,-19121.515625,-17003.6875,-9546.162109375,-138763.296875,-131187.546875,-170708.625,-180542.65625
tag,748.614157377,-19530.708984375,-19118.51953125,-17000.71484375,-9546.1845703125,-138952.21875,-131232.65625,-170719.578125,-180542.484375
tag,748.617153672,-19527.1328125,-19114.966796875,-16997.40625,-9545.3798828125,-138704.4375,-131186.40625,-170785.140625,-180542.125
tag,748.621112767,-19521.365234375,-19109.154296875,-16991.9296875,-9542.2275390625,-138473.578125,-131130.734375,-170778.03125,-180539.359375
tag,748.625172825,-19518.236328125,-19106.248046875,-16988.98046875,-9542.1162109375,-138702.5,-131171.96875,-170714.21875,-180539.125
tag,748.629166327,-19513.966796875,-19102.203125,-16985.0234375,-9541.087890625,-138945.171875,-131225.59375,-170706.6875,-180537.921875
tag,748.633182793,-19509.451171875,-19097.80078125,-16980.732421875,-9539.27734375,-138763.984375,-131194.0625,-170771.546875,-180536.515625
tag,748.637240075,-19505.18359375,-19093.462890625,-16976.619140625,-9537.623046875,-138476.078125,-131129.125,-170782.125,-180535.28125
tag,748.642247922,-19504.064453125,-19092.546875,-16975.703125,-9539.568359375,-138643.265625,-131158.34375,-170722.984375,-180537.25
tag,748.645181348,-19501.763671875,-19090.55859375,-16973.66796875,-9540.57421875,-138927.640625,-131219.984375,-170700.3125,-180537.96875
tag,748.649225681,-19499.572265625,-19088.546875,-16971.724609375,-9541.2890625,-138826.28125,-131208.078125,-170763.578125,-180538.921875
tag,748.653508951,-19496.3984375,-19085.39453125,-16968.86328125,-9540.685546875,-138502.609375,-131138.484375,-170791.40625,-180539.0
tag,748.657284891,-19494.900390625,-19084.009765625,-16967.56640625,-9542.25,-138593.265625,-131151.1875,-170738.25,-180540.609375
tag,748.661354258,-19492.197265625,-19081.55078125,-16965.0625,-9542.8310546875,-138900.015625,-131214.828125,-170699.953125,-180540.890625
tag,748.665371094,-19487.279296875,-19076.767578125,-16960.48046875,-9540.775390625,-138877.46875,-131217.5,-170751.8125,-180538.890625
tag,748.670413639,-19484.6640625,-19073.97265625,-16957.978515625,-9540.5966796875,-138541.34375,-131147.8125,-170794.53125,-180539.328125
tag,748.673329168,-19482.16015625,-19071.759765625,-16955.765625,-9541.1328125,-138546.140625,-131141.890625,-170750.1875,-180540.0
tag,748.677241923,-19479.142578125,-19069.078125,-16952.94921875,-9541.333984375,-138857.734375,-131204.109375,-170699.453125,-180540.046875
tag,748.681264634,-19476.7734375,-19066.865234375,-16950.84765625,-9541.9375,-138917.953125,-131225.765625,-170741.421875,-180540.71875
tag,748.685322917,-19473.599609375,-19063.580078125,-16947.919921875,-9541.2001953125,-138593.625,-131160.5,-170795.875,-180540.625
tag,748.689373991,-19466.9609375,-19057.029296875,-16941.482421875,-9537.400390625,-138507.296875,-131132.640625,-170759.75,-180537.03125
tag,748.693317839,-19461.373046875,-19051.822265625,-16936.23046875,-9535.09765625,-138802.40625,-131187.375,-170697.328125,-180534.453125
tag,748.698267305,-19458.310546875,-19048.984375,-16933.369140625,-9535.0751953125,-138935.875,-131222.546875,-170722.640625,-180534.421875
tag,748.701303812,-19458.556640625,-19049.20703125,-16933.904296875,-9538.00390625,-138650.671875,-131170.46875,-170789.34375,-180537.765625
tag,748.705273161,-19453.4609375,-19044.15625,-16929.076171875,-9535.65625,-138483.109375,-131127.71875,-170769.625,-180535.796875
tag,748.709289601,-19450.287109375,-19041.271484375,-16926.126953125,-9535.74609375,-138748.71875,-131176.734375,-170704.921875,-180535.59375
tag,748.713291237,-19448.3203125,-19039.619140625,-16924.451171875,-9537.01953125,-138947.625,-131224.875,-170714.0625,-180536.734375
tag,748.717316938,-19444.005859375,-19035.326171875,-16920.314453125,-9535.388671875,-138712.953125,-131181.890625,-170780.8125,-180535.515625
tag,748.721333515,-19442.462890625,-19033.716796875,-16918.974609375,-9536.349609375,-138477.46875,-131128.875,-170780.921875,-180536.984375
tag,748.725394531,-19439.9609375,-19031.4375,-16916.693359375,-9536.9306640625,-138694.234375,-131167.234375,-170716.34375,-180537.546875
tag,748.729323253,-19433.412109375,-19025.201171875,-16910.369140625,-9533.689453125,-138939.828125,-131219.140625,-170703.09375,-180534.078125
tag,748.732438278,-19430.7734375,-19022.5859375,-16907.955078125,-9533.845703125,-138775.984375,-131193.71875,-170771.21875,-180534.4375
tag,748.737334964,-19427.82421875,-19019.5234375,-16905.228515625,-9533.48828125,-138485.0625,-131129.703125,-170786.734375,-180534.6875
tag,748.741397515,-19423.53125,-19015.43359375,-16901.181640625,-9532.326171875,-138634.734375,-131151.921875,-170723.78125,-180533.453125
tag,748.745384191,-19421.564453125,-19013.82421875,-16899.595703125,-9533.6220703125,-138921.28125,-131213.59375,-170698.171875,-180534.578125
tag,748.749424934,-19415.708984375,-19008.125,-16893.962890625,-9530.5380859375,-138832.234375,-131202.234375,-170758.125,-180531.78125
tag,748.754349344,-19410.9921875,-19003.2734375,-16889.4921875,-9528.3251953125,-138506.921875,-131131.71875,-170787.9375,-180530.0625
tag,748.757372856,-19407.796875,-19000.234375,-16886.474609375,-9528.1015625,-138580.484375,-131138.671875,-170733.265625,-180529.8125
tag,748.760415923,-19406.43359375,-18999.138671875,-16885.333984375,-9530.0234375,-138887.328125,-131202.421875,-170693.171875,-180531.484375
tag,748.765383565,-19403.572265625,-18996.501953125,-16882.787109375,-9530.1806640625,-138881.921875,-131210.96875,-170746.25,-180531.671875
tag,748.76947064,-19401.44921875,-18994.333984375,-16880.9765625,-9530.6943359375,-138550.859375,-131143.828125,-170792.96875,-180532.765625
tag,748.773445967,-19401.08984375,-18994.154296875,-16880.908203125,-9533.287109375,-138542.96875,-131136.40625,-170751.84375,-180535.625
tag,748.777433636,-19398.2734375,-18991.740234375,-16878.271484375,-9533.689453125,-138850.625,-131196.765625,-170698.4375,-180535.796875
tag,748.781409448,-19394.20703125,-18987.78515625,-16874.44921875,-9532.7060546875,-138922.0625,-131219.578125,-170736.5,-180534.734375
tag,748.7844616,-19390.517578125,-18984.0078125,-16870.91796875,-9531.5439453125,-138604.640625,-131156.4375,-170793.1875,-180534.078125
tag,748.788563901,-19386.13671875,-18979.71484375,-16866.8046875,-9529.912109375,-138507.40625,-131127.828125,-170761.578125,-180532.84375
tag,748.79339595,-19381.95703125,-18975.736328125,-16862.87109375,-9528.8837890625,-138798.90625,-131181.890625,-170699.109375,-180531.625
tag,748.797442323,-19378.671875,-18972.80859375,-16859.876953125,-9528.75,-138942.84375,-131218.78125,-170721.640625,-180531.4375
tag,748.801471411,-19374.916015625,-18969.0546875,-16856.34375,-9527.654296875,-138661.859375,-131165.15625,-170785.453125,-180530.8125
tag,748.805565147,-19371.005859375,-18965.1640625,-16852.58984375,-9526.5595703125,-138484.09375,-131121.078125,-170769.5,-180529.921875
tag,748.808540018,-19367.8984375,-18962.392578125,-16849.70703125,-9526.5146484375,-138743.6875,-131168.0,-170704.265625,-180529.8125
tag,748.812523295,-19361.662109375,-18956.42578125,-16843.716796875,-9523.4296875,-138947.140625,-131212.828125,-170706.21875,-180526.4375
tag,748.816582786,-19357.03515625,-18951.73046875,-16839.291015625,-9521.4853515625,-138721.46875,-131171.921875,-170772.828125,-180524.890625
tag,748.820504268,-19356.140625,-18950.837890625,-16838.708984375,-9523.228515625,-138477.6875,-131118.21875,-170776.484375,-180527.1875
tag,748.825519919,-19353.927734375,-18948.9375,-16836.763671875,-9524.279296875,-138686.890625,-131154.578125,-170712.609375,-180528.109375
tag,748.829530019,-19351.58203125,-18946.90234375,-16834.751953125,-9525.1513671875,-138944.125,-131211.25,-170700.703125,-180528.796875
tag,748.835640116,-19347.447265625,-18942.857421875,-16830.953125,-9523.876953125,-138789.328125,-131187.0,-170766.765625,-180527.828125
tag,748.838576348,-19342.529296875,-18937.828125,-16826.21484375,-9521.552734375,-138489.9375,-131120.3125,-170782.859375,-180526.015625
tag,748.841550338,-19338.640625,-18934.140625,-16822.482421875,-9520.8154296875,-138630.5,-131140.5625,-170721.53125,-180525.1875
tag,748.845507304,-19335.845703125,-18931.771484375,-16820.0,-9521.3515625,-138922.3125,-131201.75,-170692.875,-180525.5625
tag,748.848641725,-19333.7890625,-18929.736328125,-16818.16796875,-9522.0439453125,-138848.546875,-131196.515625,-170755.234375,-180526.5
tag,748.853571329,-19331.62109375,-18927.390625,-16815.9765625,-9522.267578125,-138522.25,-131128.609375,-170789.953125,-180527.34375
tag,748.85755929,-19326.591796875,-18922.5390625,-16811.283203125,-9520.3232421875,-138583.03125,-131131.53125,-170735.5,-180525.453125
tag,748.861578434,-19319.439453125,-18915.72265625,-16804.353515625,-9516.412109375,-138888.21875,-131189.625,-170688.046875,-180521.140625
tag,748.864619131,-19317.40625,-18913.93359375,-16802.587890625,-9517.439453125,-138895.265625,-131201.234375,-170740.078125,-180522.203125
tag,748.868658949,-19313.29296875,-18909.77734375,-16798.810546875,-9516.0537109375,-138560.671875,-131132.296875,-170786.328125,-180521.265625
tag,748.87263342,-19309.091796875,-18905.642578125,-16794.787109375,-9514.712890625,-138536.453125,-131118.640625,-170743.59375,-180520.328125
tag,748.876654618,-19309.134765625,-18905.9765625,-16795.056640625,-9518.0205078125,-138848.34375,-131181.890625,-170692.296875,-180523.4375
+,748.881577443,-19306.005859375,-18903.072265625,-16792.12890625,-9517.9091796875,-138931.671875,-131207.359375,-170728.96875,-180523.34375
+,748.8856495,-19305.1796875,-18902.22265625,-16791.591796875,-9519.697265625,-138618.75,-131147.609375,-170789.359375,-180525.5625
+,748.889631936,-19304.84375,-18901.796875,-16791.3671875,-9522.0439453125,-138512.125,-131120.515625,-170763.96875,-180528.3125
+,748.892641106,-19298.072265625,-18895.427734375,-16784.953125,-9518.53515625,-138799.125,-131171.59375,-170698.6875,-180524.5625
+,748.896609545,-19293.19921875,-18890.77734375,-16780.392578125,-9516.7470703125,-138952.4375,-131208.78125,-170717.53125,-180522.71875
+,748.900687779,-19286.91796875,-18884.474609375,-16774.314453125,-9513.1708984375,-138675.75,-131154.453125,-170780.0625,-180519.578125
+,748.904894278,-19282.11328125,-18879.71484375,-16769.865234375,-9511.1591796875,-138485.5,-131107.78125,-170766.046875,-180517.96875
+,748.908704615,-19278.625,-18876.517578125,-16766.625,-9510.890625,-138738.84375,-131153.21875,-170700.8125,-180517.625
+,748.913641074,-19273.88671875,-18871.95703125,-16762.04296875,-9509.1923828125,-138952.90625,-131200.84375,-170701.90625,-180515.796875
+,748.917732536,-19269.572265625,-18867.64453125,-16757.99609375,-9507.560546875,-138737.03125,-131162.265625,-170769.15625,-180514.5625
+,748.920693145,-19267.271484375,-18865.296875,-16755.896484375,-9507.9404296875,-138481.5,-131105.140625,-170773.984375,-180515.390625
+,748.924702436,-19263.984375,-18862.234375,-16752.833984375,-9507.8505859375,-138680.421875,-131138.515625,-170709.96875,-180515.265625
+,748.92869446,-19261.927734375,-18860.4921875,-16751.044921875,-9508.9912109375,-138943.40625,-131196.0,-170696.1875,-180516.28125
+,748.932706584,-19256.5859375,-18855.23828125,-16745.859375,-9506.4423828125,-138796.9375,-131171.6875,-170760.53125,-180514.03125
+,748.936783298,-19252.072265625,-18850.65625,-16741.658203125,-9504.5205078125,-138489.171875,-131103.078125,-170779.890625,-180512.640625
+,748.941683966,-19249.34375,-18848.130859375,-16739.087890625,-9504.9453125,-138618.84375,-131121.546875,-170721.96875,-180513.0
+,748.944704864,-19246.439453125,-18845.650390625,-16736.673828125,-9505.458984375,-138915.0,-131182.703125,-170692.71875,-180513.34375
+,748.948670201,-19241.9453125,-18841.24609375,-16732.470703125,-9503.8720703125,-138851.71875,-131176.890625,-170753.15625,-180511.890625
+,748.952752577,-19239.375,-18838.564453125,-16730.080078125,-9503.8271484375,-138523.625,-131108.25,-170791.9375,-180512.421875
+,748.95672327,-19235.666015625,-18835.123046875,-16726.75,-9503.224609375,-138576.640625,-131111.125,-170743.390625,-180511.953125
+,748.960753115,-19231.75390625,-18831.61328125,-16723.150390625,-9502.7099609375,-138890.59375,-131174.140625,-170700.25,-180511.171875
+,748.964766982,-19228.087890625,-18828.126953125,-16719.708984375,-9502.083984375,-138911.0,-131187.4375,-170750.46875,-180510.46875
+,748.969888365,-19224.310546875,-18824.326171875,-16716.154296875,-9500.9892578125,-138579.046875,-131120.078125,-170799.8125,-180509.921875
+,748.972770017,-19220.98046875,-18821.197265625,-16713.0703125,-9500.5419921875,-138542.640625,-131105.625,-170759.703125,-180509.765625
+,748.975794344,-19217.806640625,-18818.24609375,-16710.208984375,-9500.564453125,-138848.765625,-131166.15625,-170702.546875,-180509.640625
+,748.98073962,-19217.337890625,-18817.955078125,-16709.962890625,-9503.1123046875,-138944.5,-131197.078125,-170737.6875,-180512.21875
+,748.984878942,-19213.849609375,-18814.3125,-16706.6328125,-9502.173828125,-138631.75,-131136.171875,-170794.4375,-180511.765625
+,748.988852149,-19211.681640625,-18812.234375,-16704.732421875,-9502.8662109375,-138509.21875,-131105.453125,-170767.125,-180512.78125
+,748.99285001,-19212.0390625,-18812.927734375,-16705.314453125,-9506.6220703125,-138798.078125,-131163.6875,-170706.328125,-180516.234375
+,748.997751448,-19206.1171875,-18807.25,-16699.748046875,-9503.9169921875,-138959.125,-131202.421875,-170719.09375,-180513.453125
+,749.000798904,-19202.2265625,-18803.3828125,-16696.10546875,-9502.7548828125,-138689.46875,-131151.96875,-170781.203125,-180512.625
+,749.004792355,-19200.908203125,-18801.974609375,-16694.98828125,-9504.05078125,-138487.03125,-131105.625,-170769.3125,-180514.296875
+,749.008793598,-19198.337890625,-18799.560546875,-16692.685546875,-9504.654296875,-138730.234375,-131149.9375,-170701.640625,-180514.671875
+,749.012794701,-19192.2578125,-18793.771484375,-16686.873046875,-9501.7490234375,-138947.09375,-131197.15625,-170695.515625,-180511.734375
+,749.016813543,-19192.68359375,-18794.173828125,-16687.521484375,-9504.8779296875,-138741.1875,-131164.328125,-170763.90625,-180515.28125
+,749.020952219,-19189.017578125,-18790.5078125,-16684.19140625,-9503.783203125,-138470.3125,-131102.90625,-170766.234375,-180514.71875
+,749.025915103,-19183.384765625,-18785.166015625,-16678.826171875,-9501.4140625,-138653.171875,-131130.953125,-170697.078125,-180512.15625
+,749.028873611,-19180.634765625,-18782.818359375,-16676.30078125,-9502.017578125,-138919.125,-131188.265625,-170677.25,-180512.546875
+,749.031893039,-19174.82421875,-18777.07421875,-16670.736328125,-9499.0439453125,-138781.84375,-131165.671875,-170737.484375,-180509.828125
+,749.036817169,-19171.42578125,-18773.587890625,-16667.494140625,-9498.150390625,-138466.6875,-131096.875,-170756.75,-180509.484375
+,749.040902733,-19168.20703125,-18770.548828125,-16664.4765625,-9498.0166015625,-138581.234375,-131112.25,-170695.671875,-180509.359375
+,749.044880779,-19164.98828125,-18767.59765625,-16661.482421875,-9498.10546875,-138877.0,-131173.0625,-170659.609375,-180509.140625
+,749.048920955,-19159.04296875,-18761.8984375,-16655.826171875,-9495.1103515625,-138820.34375,-131167.765625,-170712.609375,-180506.265625
+,749.0538172,-19156.62890625,-18759.439453125,-16653.748046875,-9495.22265625,-138483.578125,-131097.359375,-170748.078125,-180507.09375
+,749.057017417,-19154.21484375,-18757.091796875,-16651.513671875,-9495.78125,-138516.953125,-131096.640625,-170696.296875,-180507.796875
+,749.059922838,-19150.482421875,-18753.6953125,-16647.958984375,-9495.3564453125,-138824.3125,-131157.28125,-170645.9375,-180507.03125
+,749.064860677,-19147.17578125,-18750.521484375,-16644.80859375,-9494.9541015625,-138850.734375,-131171.078125,-170689.34375,-180506.78125
+,749.068986387,-19143.576171875,-18746.720703125,-16641.365234375,-9493.814453125,-138514.1875,-131102.078125,-170735.46875,-180506.203125
+,749.072935412,-19140.537109375,-18743.771484375,-16638.638671875,-9493.814453125,-138459.25,-131083.0625,-170693.609375,-180506.40625
+,749.076957596,-19138.390625,-18741.9609375,-16636.76171875,-9494.931640625,-138761.03125,-131142.0625,-170633.5,-180507.375
