+,17217.766196193,-6983.19921875,-7040.53125,-7075.82470703125,-7043.7275390625,-167866.109375,-168379.875,-127068.078125,-137440.625
+,17217.771198934,-6983.28857421875,-7041.40283203125,-7076.1376953125,-7044.755859375,-167955.078125,-168453.703125,-127272.3515625,-137441.96875
+,17217.775251871,-6986.48486328125,-7049.5615234375,-7079.9599609375,-7053.6962890625,-168662.953125,-168981.265625,-128772.046875,-137447.765625
+,17217.779232735,-6985.5458984375,-7048.42138671875,-7078.931640625,-7052.3779296875,-168639.796875,-168955.609375,-128710.7109375,-137445.953125
+,17217.783251721,-6983.51220703125,-7041.47021484375,-7076.271484375,-7044.755859375,-167949.671875,-168440.890625,-127245.4375,-137441.328125
+,17217.787267679,-6981.83544921875,-7039.3466796875,-7074.4833984375,-7042.58740234375,-167875.6875,-168392.5,-127103.4375,-137440.109375
+,17217.790247376,-6983.22119140625,-7045.42626953125,-7076.5400390625,-7049.5390625,-168554.0625,-168900.078125,-128545.84375,-137444.09375
+,17217.794245017,-6985.27783203125,-7048.5556640625,-7078.84228515625,-7052.9365234375,-168737.796875,-169029.296875,-128920.4375,-137445.953125
+,17217.799209406,-6983.9365234375,-7042.40869140625,-7076.78564453125,-7045.87353515625,-168061.515625,-168522.671875,-127480.46875,-137441.84375
+,17217.803307495,-6981.9248046875,-7038.83251953125,-7074.4833984375,-7042.00634765625,-167828.828125,-168354.96875,-127000.1328125,-137439.6875
+,17217.80728102,-6980.51708984375,-7041.73828125,-7073.65673828125,-7045.6943359375,-168430.28125,-168806.765625,-128287.4765625,-137440.96875
+,17217.811249796,-6980.986328125,-7044.7333984375,-7074.57275390625,-7049.1591796875,-168797.640625,-169073.15625,-129055.5546875,-137442.0
+,17217.814330897,-6980.85205078125,-7040.12890625,-7073.81298828125,-7043.79443359375,-168183.5625,-168611.390625,-127743.2578125,-137439.109375
+,17217.818295217,-6979.98046875,-7036.61962890625,-7072.44970703125,-7039.83837890625,-167803.640625,-168333.5625,-126946.640625,-137437.4375
+,17217.822262638,-6980.6064453125,-7040.84423828125,-7073.63427734375,-7044.6884765625,-168295.71875,-168706.03125,-128001.84375,-137440.40625
+,17217.827207397,-6985.412109375,-7049.3154296875,-7079.1103515625,-7053.7412109375,-168822.125,-169093.234375,-129104.2109375,-137446.671875
+,17217.831222037,-6986.171875,-7046.3427734375,-7079.26708984375,-7050.1650390625,-168319.453125,-168713.21875,-128025.8515625,-137444.90625
+,17217.835293794,-6984.40625,-7041.08984375,-7076.98681640625,-7044.44287109375,-167815.375,-168341.1875,-126962.9140625,-137441.796875
+,17217.839292337,-6985.009765625,-7044.30859375,-7077.92578125,-7048.1083984375,-168175.421875,-168616.390625,-127739.703125,-137444.34375
+,17217.843229854,-6986.84228515625,-7050.63427734375,-7080.4736328125,-7055.126953125,-168807.125,-169083.234375,-129072.25,-137448.15625
+,17217.846246322,-6987.28955078125,-7048.376953125,-7080.5185546875,-7052.5341796875,-168457.078125,-168815.4375,-128316.046875,-137446.421875
+,17217.850408925,-6983.44482421875,-7040.375,-7076.0927734375,-7043.83935546875,-167853.0,-168367.109375,-127040.2265625,-137440.671875
+,17217.854288987,-6984.07080078125,-7042.5205078125,-7076.8974609375,-7046.3203125,-168059.25,-168528.546875,-127491.421875,-137442.796875
+,17217.859343887,-6986.50732421875,-7049.896484375,-7080.00439453125,-7054.322265625,-168753.796875,-169044.59375,-128960.0234375,-137447.5625
+,17217.863337449,-6987.22216796875,-7049.3154296875,-7080.5634765625,-7053.60693359375,-168588.75,-168914.1875,-128595.890625,-137446.734375
+,17217.867404726,-6984.83056640625,-7042.1630859375,-7077.478515625,-7045.5830078125,-167917.234375,-168414.671875,-127172.9296875,-137441.90625
+,17217.870406102,-6983.9365234375,-7041.67138671875,-7076.60693359375,-7045.1357421875,-167958.40625,-168453.0,-127276.0390625,-137441.90625
+,17217.874273236,-6986.1494140625,-7048.86865234375,-7079.5576171875,-7053.18212890625,-168660.5625,-168977.53125,-128765.9609375,-137446.703125
+,17217.87833221,-6984.16015625,-7046.923828125,-7077.63525390625,-7051.28271484375,-168690.765625,-168991.703125,-128819.515625,-137443.921875
+,17217.882319427,-6978.03564453125,-7035.99365234375,-7070.79541015625,-7039.5029296875,-167992.40625,-168469.203125,-127340.1015625,-137435.203125
+,17217.887353632,-6979.08642578125,-7036.26220703125,-7071.77880859375,-7039.7041015625,-167873.46875,-168388.296875,-127099.0390625,-137436.5625
+,17217.891313643,-6979.130859375,-7040.9560546875,-7072.5166015625,-7045.0908203125,-168531.140625,-168881.15625,-128500.6953125,-137439.203125
+,17217.895314283,-6981.45556640625,-7044.84521484375,-7075.06494140625,-7049.22607421875,-168764.078125,-169047.5,-128979.671875,-137441.59375
+,17217.898329779,-6982.66259765625,-7041.1572265625,-7075.46728515625,-7044.84521484375,-168098.15625,-168549.453125,-127558.03125,-137439.953125
+,17217.902450648,-6981.142578125,-7037.7373046875,-7073.61181640625,-7041.06787109375,-167823.484375,-168351.28125,-126987.8125,-137438.125
+,17217.906374866,-6983.04248046875,-7043.86181640625,-7076.271484375,-7047.9296875,-168399.296875,-168785.78125,-128217.3203125,-137442.625
+,17217.910368645,-6982.88623046875,-7046.4990234375,-7076.47265625,-7051.103515625,-168801.828125,-169079.25,-129060.8515625,-137443.265625
+,17217.915330656,-6978.52734375,-7037.80419921875,-7071.46630859375,-7041.62646484375,-168201.734375,-168627.625,-127783.3359375,-137436.234375
+,17217.919479257,-6974.9287109375,-7031.43408203125,-7067.5322265625,-7034.67529296875,-167782.5625,-168320.640625,-126905.921875,-137431.640625
+,17217.922385311,-6976.62744140625,-7036.5078125,-7069.87890625,-7040.375,-168238.421875,-168668.0,-127883.765625,-137435.765625
+,17217.926362474,-6979.376953125,-7043.01220703125,-7073.1201171875,-7047.5498046875,-168787.515625,-169073.453125,-129037.109375,-137440.078125
+,17217.930395849,-6979.68994140625,-7039.9052734375,-7072.896484375,-7043.75,-168314.9375,-168716.515625,-128022.03125,-137437.953125
+,17217.934474983,-6975.82275390625,-7032.28369140625,-7068.47119140625,-7035.59130859375,-167778.03125,-168318.96875,-126891.8125,-137432.65625
+,17217.938495379,-6978.1474609375,-7036.9326171875,-7071.0859375,-7040.62060546875,-168100.875,-168566.125,-127589.65625,-137436.890625
+,17217.943379189,-6978.9521484375,-7042.296875,-7072.60595703125,-7046.81201171875,-168755.71875,-169049.953125,-128974.90625,-137439.875
+,17217.947404301,-6978.3935546875,-7039.5478515625,-7071.80126953125,-7043.63818359375,-168453.40625,-168816.890625,-128320.5390625,-137437.390625
+,17217.950513216,-6975.1298828125,-7031.9033203125,-7067.86767578125,-7035.189453125,-167826.390625,-168350.90625,-126993.6015625,-137432.09375
+,17217.954451921,-6973.65478515625,-7031.68017578125,-7066.5712890625,-7035.23388671875,-167982.953125,-168474.953125,-127341.890625,-137431.984375
+,17217.958435893,-6979.48876953125,-7042.45361328125,-7073.142578125,-7046.767578125,-168688.03125,-169000.359375,-128830.203125,-137440.296875
+,17217.962435995,-6978.9296875,-7040.978515625,-7072.44970703125,-7045.1806640625,-168574.796875,-168907.6875,-128576.9375,-137438.34375
mit,17217.966475329,-6980.27099609375,-7037.46923828125,-7073.00830078125,-7040.77734375,-167898.09375,-168404.484375,-127138.21875,-137437.28125
mit,17217.97057882,-6978.84033203125,-7036.19482421875,-7071.57763671875,-7039.48095703125,-167899.234375,-168412.59375,-127157.0859375,-137436.65625
mit,17217.975518117,-6979.86865234375,-7042.185546875,-7073.3212890625,-7046.27587890625,-168594.40625,-168931.5625,-128634.15625,-137440.40625
mit,17217.978517506,-6981.25439453125,-7044.01806640625,-7074.81884765625,-7048.24267578125,-168679.578125,-168987.078125,-128799.4453125,-137441.21875
mit,17217.981542065,-6980.3603515625,-7038.1396484375,-7073.1650390625,-7041.60400390625,-167991.9375,-168472.96875,-127335.40625,-137437.59375
mit,17217.986624145,-6978.728515625,-7035.501953125,-7071.39892578125,-7038.720703125,-167834.046875,-168361.828125,-127013.8125,-137436.234375
mit,17217.990521581,-6981.65673828125,-7043.03466796875,-7074.9306640625,-7046.99072265625,-168478.671875,-168845.875,-128384.9140625,-137441.84375
mit,17217.994522983,-6984.1826171875,-7047.43798828125,-7077.7470703125,-7051.7744140625,-168763.25,-169050.53125,-128973.5,-137444.703125
mit,17217.99853621,-6984.07080078125,-7042.744140625,-7077.12109375,-7046.365234375,-168114.109375,-168563.828125,-127588.5859375,-137441.875
mit,17218.003588568,-6983.82470703125,-7040.41943359375,-7076.517578125,-7043.63818359375,-167802.5625,-168338.046875,-126937.859375,-137441.1875
mit,17218.006522558,-6981.45556640625,-7041.89453125,-7074.64013671875,-7045.80615234375,-168346.34375,-168747.953125,-128105.875,-137441.234375
mit,17218.010491766,-6981.3662109375,-7044.912109375,-7074.99755859375,-7049.3603515625,-168796.484375,-169077.015625,-129052.109375,-137442.0
mit,17218.014499708,-6980.27099609375,-7039.771484375,-7073.4775390625,-7043.61572265625,-168231.859375,-168651.78125,-127846.2109375,-137438.28125
mit,17218.018637534,-6980.09228515625,-7036.48583984375,-7072.7177734375,-7039.7265625,-167783.796875,-168323.296875,-126903.3515625,-137437.046875
mit,17218.022584929,-6982.50634765625,-7042.02880859375,-7075.556640625,-7045.6943359375,-168211.40625,-168648.96875,-127821.3359375,-137441.65625
mit,17218.026597032,-6984.3388671875,-7047.9296875,-7078.03759765625,-7052.35546875,-168794.921875,-169078.828125,-129049.875,-137445.140625
mit,17218.031533253,-6981.2099609375,-7041.73828125,-7074.57275390625,-7045.64990234375,-168362.296875,-168749.390625,-128123.640625,-137439.734375
mit,17218.034585381,-6977.63330078125,-7034.294921875,-7070.37109375,-7037.60302734375,-167801.703125,-168334.234375,-126941.90625,-137434.53125
mit,17218.038540776,-6975.84521484375,-7034.67529296875,-7068.8955078125,-7038.3408203125,-168082.0625,-168549.40625,-127552.84375,-137434.703125
mit,17218.042555943,-6977.63330078125,-7041.22412109375,-7071.33203125,-7045.5830078125,-168755.296875,-169047.78125,-128975.2421875,-137438.578125
mit,17218.046575659,-6979.01904296875,-7040.7099609375,-7072.5390625,-7044.80029296875,-168502.890625,-168852.3125,-128425.0546875,-137438.15625
mit,17218.050629387,-6974.88427734375,-7031.970703125,-7067.77783203125,-7035.27880859375,-167858.859375,-168372.8125,-127062.9375,-137431.875
mit,17218.054630064,-6971.08447265625,-7029.19873046875,-7064.02294921875,-7032.5517578125,-167977.8125,-168467.640625,-127333.6875,-137429.1875
mit,17218.059591289,-6975.5771484375,-7038.60888671875,-7069.1640625,-7042.900390625,-168687.5,-168996.328125,-128834.046875,-137436.296875
mit,17218.062600882,-6980.181640625,-7042.7216796875,-7073.74609375,-7046.9462890625,-168631.171875,-168947.375,-128695.6875,-137439.890625
mit,17218.066664874,-6981.63427734375,-7039.39111328125,-7074.59521484375,-7042.85595703125,-167948.1875,-168438.765625,-127241.484375,-137438.84375
mit,17218.070682741,-6978.21484375,-7035.85986328125,-7071.26513671875,-7039.27978515625,-167903.375,-168411.859375,-127163.390625,-137436.109375
mit,17218.074605075,-6974.8173828125,-7037.3125,-7068.5380859375,-7041.5146484375,-168585.703125,-168920.78125,-128619.0234375,-137435.25
mit,17218.078625927,-6974.75,-7037.9833984375,-7068.515625,-7042.3642578125,-168725.15625,-169016.5,-128901.640625,-137434.65625
mit,17218.082653336,-6974.392578125,-7032.68603515625,-7067.4873046875,-7036.28466796875,-168041.71875,-168505.375,-127445.2890625,-137431.59375
mit,17218.086660493,-6974.70556640625,-7031.83642578125,-7067.59912109375,-7034.98828125,-167844.796875,-168365.453125,-127038.171875,-137431.953125
mit,17218.089682438,-6975.26416015625,-7036.7763671875,-7068.7392578125,-7040.77734375,-168468.078125,-168833.28125,-128367.2109375,-137435.046875
mit,17218.093669204,-6980.22607421875,-7043.83935546875,-7074.01416015625,-7048.24267578125,-168798.34375,-169072.75,-129049.9609375,-137440.421875
mit,17218.098633503,-6979.71240234375,-7038.85498046875,-7072.896484375,-7042.45361328125,-168165.40625,-168597.59375,-127698.5078125,-137437.125
mit,17218.102773146,-6977.65576171875,-7034.40673828125,-7070.43798828125,-7037.71484375,-167817.796875,-168344.0,-126972.015625,-137434.421875
mit,17218.106692443,-6978.818359375,-7039.27978515625,-7072.13671875,-7043.21337890625,-168337.453125,-168736.921875,-128084.1875,-137438.015625
mit,17218.110695527,-6982.595703125,-7046.40966796875,-7076.47265625,-7050.99169921875,-168830.546875,-169098.921875,-129116.390625,-137443.015625
mit,17218.114651209,-6979.98046875,-7039.97265625,-7073.298828125,-7043.86181640625,-168296.765625,-168695.546875,-127975.78125,-137437.75
mit,17218.117731547,-6978.416015625,-7035.03271484375,-7071.17529296875,-7038.27392578125,-167815.125,-168341.0625,-126961.2421875,-137434.9375
mit,17218.121792919,-6976.24755859375,-7035.703125,-7069.365234375,-7039.5029296875,-168199.265625,-168633.5,-127791.6953125,-137434.8125
mit,17218.125731977,-6978.03564453125,-7041.80517578125,-7071.890625,-7046.3203125,-168812.265625,-169086.15625,-129083.6484375,-137438.421875
mit,17218.130688585,-6979.82373046875,-7040.732421875,-7073.298828125,-7044.755859375,-168427.484375,-168793.46875,-128252.5,-137438.0
mit,17218.13474813,-6980.31591796875,-7037.111328125,-7073.1201171875,-7040.44189453125,-167841.953125,-168360.421875,-127011.8671875,-137436.578125
mit,17218.138812474,-6982.9755859375,-7041.5595703125,-7076.02587890625,-7045.02392578125,-168079.84375,-168545.8125,-127527.5,-137440.921875
mit,17218.142725371,-6982.595703125,-7046.0966796875,-7076.4951171875,-7050.43310546875,-168763.515625,-169052.5625,-128975.21875,-137442.90625
mit,17218.145752249,-6982.5732421875,-7044.44287109375,-7076.2939453125,-7048.66748046875,-168555.25,-168889.875,-128519.9375,-137441.1875
mit,17218.149876614,-6981.5673828125,-7038.85498046875,-7074.505859375,-7042.22998046875,-167896.453125,-168400.1875,-127122.0859375,-137437.796875
mit,17218.15478576,-6978.66162109375,-7036.708984375,-7071.734375,-7040.1064453125,-167973.140625,-168464.09375,-127301.8125,-137436.0
mit,17218.158739531,-6981.05322265625,-7044.01806640625,-7074.8857421875,-7048.26513671875,-168678.125,-168989.5625,-128795.3984375,-137440.96875
mit,17218.162752821,-6985.03173828125,-7047.86279296875,-7078.931640625,-7052.109375,-168668.546875,-168975.203125,-128756.375,-137444.140625
mit,17218.166822777,-6984.3837890625,-7042.27490234375,-7077.478515625,-7045.6943359375,-167978.8125,-168460.84375,-127289.3828125,-137440.75
mit,17218.169857133,-6982.9306640625,-7040.330078125,-7075.86962890625,-7043.61572265625,-167895.625,-168405.890625,-127127.4921875,-137439.671875
mit,17218.173822773,-6983.19921875,-7045.359375,-7076.875,-7049.5166015625,-168568.359375,-168909.03125,-128559.2734375,-137442.578125
mit,17218.177790501,-6982.68505859375,-7045.9853515625,-7076.5625,-7050.43310546875,-168757.59375,-169041.75,-128947.7265625,-137442.03125
mit,17218.181820001,-6981.25439453125,-7039.65966796875,-7074.41650390625,-7043.23583984375,-168081.03125,-168535.265625,-127506.625,-137437.703125
mit,17218.186882226,-6980.2041015625,-7037.02197265625,-7073.18701171875,-7040.330078125,-167839.9375,-168362.140625,-127007.015625,-137436.421875
mit,17218.190839449,-6980.69580078125,-7041.80517578125,-7074.3271484375,-7045.9404296875,-168437.265625,-168811.484375,-128282.4765625,-137439.578125
mit,17218.194837351,-6981.388671875,-7045.22509765625,-7075.5341796875,-7049.7177734375,-168811.8125,-169083.328125,-129064.5390625,-137441.125
mit,17218.197853435,-6981.09814453125,-7040.44189453125,-7074.57275390625,-7044.2861328125,-168200.984375,-168624.15625,-127759.21875,-137438.015625
mit,17218.203176486,-6981.5673828125,-7038.25146484375,-7074.57275390625,-7041.62646484375,-167818.21875,-168344.5625,-126954.578125,-137437.546875
mit,17218.205893122,-6983.04248046875,-7043.41455078125,-7076.62939453125,-7047.21435546875,-168307.78125,-168715.421875,-128003.34375,-137441.453125
mit,17218.20993338,-6982.84130859375,-7046.83447265625,-7076.9423828125,-7051.26025390625,-168829.703125,-169098.296875,-129101.9296875,-137442.59375
mit,17218.21488177,-6978.37109375,-7038.720703125,-7072.06982421875,-7042.58740234375,-168325.28125,-168715.90625,-128025.359375,-137435.484375
mit,17218.219025744,-6978.1474609375,-7035.05517578125,-7071.3544921875,-7038.20654296875,-167818.109375,-168342.25,-126954.53125,-137433.921875
mit,17218.222952417,-6980.02490234375,-7039.5478515625,-7073.5,-7043.07958984375,-168171.0625,-168612.671875,-127715.09375,-137437.765625
mit,17218.225935795,-6984.22705078125,-7048.287109375,-7078.328125,-7052.556640625,-168808.078125,-169084.15625,-129055.8671875,-137444.03125
mit,17218.229928019,-6984.09326171875,-7045.4931640625,-7077.92578125,-7049.494140625,-168462.28125,-168819.640625,-128309.359375,-137441.84375
mit,17218.234042885,-6978.7734375,-7035.88232421875,-7072.091796875,-7039.21240234375,-167852.078125,-168366.125,-127022.1015625,-137434.65625
mit,17218.238036326,-6978.90771484375,-7037.5810546875,-7072.42724609375,-7041.08984375,-168050.078125,-168521.0625,-127456.328125,-137436.3125
mit,17218.242922551,-6980.9189453125,-7044.46533203125,-7075.0869140625,-7048.779296875,-168745.59375,-169037.75,-128927.6328125,-137440.59375
mit,17218.247021907,-6982.10400390625,-7044.3310546875,-7075.9365234375,-7048.46630859375,-168588.8125,-168913.25,-128580.015625,-137440.1875
mit,17218.250041811,-6979.935546875,-7037.24560546875,-7072.9638671875,-7040.7099609375,-167916.390625,-168412.5,-127153.7578125,-137435.515625
mit,17218.253961812,-6975.46533203125,-7033.1552734375,-7068.67236328125,-7036.75390625,-167947.515625,-168442.046875,-127238.4921875,-137431.984375
mit,17218.25798558,-6977.1865234375,-7039.88330078125,-7071.130859375,-7044.2861328125,-168649.203125,-168965.53125,-128727.359375,-137436.421875
mit,17218.26197728,-6980.87451171875,-7043.79443359375,-7074.86376953125,-7048.0859375,-168694.03125,-168991.734375,-128805.078125,-137439.484375
mit,17218.266095782,-6980.4052734375,-7038.2958984375,-7073.65673828125,-7041.82763671875,-168002.390625,-168475.515625,-127333.3984375,-137436.34375
mit,17218.270061591,-6979.91357421875,-7037.06689453125,-7073.0751953125,-7040.44189453125,-167879.53125,-168390.984375,-127086.0078125,-137436.09375
mit,17218.274978883,-6980.337890625,-7042.296875,-7074.21533203125,-7046.40966796875,-168536.890625,-168883.34375,-128486.1171875,-137439.21875
mit,17218.277958693,-6979.779296875,-7043.19091796875,-7073.83544921875,-7047.66162109375,-168770.578125,-169049.34375,-128969.765625,-137438.734375
mit,17218.281924286,-6979.82373046875,-7038.45263671875,-7073.142578125,-7042.25244140625,-168106.203125,-168551.6875,-127553.046875,-137435.984375
mit,17218.286048261,-6977.9912109375,-7034.8984375,-7071.1083984375,-7038.318359375,-167828.3125,-168350.359375,-126975.8125,-137433.8125
mit,17218.289992406,-6979.71240234375,-7040.84423828125,-7073.4775390625,-7044.84521484375,-168402.15625,-168782.84375,-128200.6015625,-137438.1875
mit,17218.293983192,-6982.81884765625,-7046.7001953125,-7077.076171875,-7051.28271484375,-168819.59375,-169087.734375,-129072.15625,-137442.171875
mit,17218.297981138,-6981.8134765625,-7041.40283203125,-7075.42236328125,-7045.40380859375,-168232.109375,-168645.3125,-127817.21875,-137438.5
mit,17218.303056402,-6979.8017578125,-7036.5751953125,-7073.05322265625,-7040.1064453125,-167811.0625,-168336.15625,-126933.234375,-137435.625
mit,17218.305961553,-6978.70654296875,-7038.87744140625,-7072.5166015625,-7042.900390625,-168262.96875,-168678.40625,-127905.0390625,-137436.828125
mit,17218.309936588,-6982.05908203125,-7046.1416015625,-7076.47265625,-7050.79052734375,-168823.984375,-169091.546875,-129083.203125,-137441.609375
mit,17218.313984881,-6982.0146484375,-7042.5205078125,-7075.77978515625,-7046.7451171875,-168361.5,-168740.8125,-128090.4453125,-137439.109375
mit,17218.318093236,-6979.376953125,-7036.1728515625,-7072.47216796875,-7039.63720703125,-167820.78125,-168340.9375,-126950.171875,-137434.90625
mit,17218.322021983,-6980.5390625,-7039.65966796875,-7073.99169921875,-7043.45947265625,-168132.4375,-168580.09375,-127623.40625,-137437.953125
mit,17218.326055331,-6982.7744140625,-7046.5439453125,-7076.919921875,-7051.103515625,-168790.15625,-169066.765625,-129011.046875,-137442.3125
mit,17218.331022008,-6981.29931640625,-7042.7666015625,-7075.22119140625,-7047.05810546875,-168489.546875,-168835.0625,-128361.578125,-137438.9375
mit,17218.334045507,-6979.6005859375,-7036.61962890625,-7072.9189453125,-7040.173828125,-167860.296875,-168367.890625,-127029.4140625,-137435.15625
mit,17218.337999734,-6980.2041015625,-7038.4970703125,-7073.6787109375,-7042.07373046875,-168019.359375,-168493.90625,-127380.265625,-137437.171875
mit,17218.342016049,-6981.9921875,-7045.359375,-7076.42822265625,-7049.78466796875,-168720.6875,-169014.953125,-128863.9296875,-137441.5
mit,17218.346025793,-6978.818359375,-7041.291015625,-7073.0751953125,-7045.64990234375,-168605.578125,-168920.15625,-128608.828125,-137437.015625
mit,17218.35015042,-6980.82958984375,-7038.40771484375,-7074.3271484375,-7042.02880859375,-167928.125,-168416.234375,-127167.140625,-137436.46875
mit,17218.354173292,-6982.10400390625,-7039.771484375,-7075.62353515625,-7043.48193359375,-167926.015625,-168422.296875,-127174.5390625,-137438.546875
mit,17218.359061474,-6982.03662109375,-7044.80029296875,-7076.16015625,-7049.06982421875,-168619.859375,-168939.5625,-128648.9296875,-137441.140625
mit,17218.362052238,-6982.84130859375,-7046.0966796875,-7076.98681640625,-7050.45556640625,-168712.796875,-169000.4375,-128831.546875,-137441.40625
+,17218.366127489,-6982.1708984375,-7040.576171875,-7075.712890625,-7044.15234375,-168022.171875,-168484.4375,-127361.6953125,-137438.109375
+,17218.370144221,-6979.48876953125,-7036.84326171875,-7072.896484375,-7040.173828125,-167854.09375,-168365.390625,-127019.84375,-137435.6875
+,17218.374096348,-6981.9248046875,-7043.81689453125,-7075.9140625,-7047.81787109375,-168495.359375,-168846.359375,-128383.8125,-137440.78125
+,17218.378106334,-6984.49560546875,-7048.22021484375,-7078.73046875,-7052.62353515625,-168783.75,-169053.890625,-128980.5390625,-137443.609375
+,17218.382119508,-6981.09814453125,-7040.1064453125,-7074.59521484375,-7043.7275390625,-168129.90625,-168562.859375,-127589.703125,-137437.375
+,17218.387160417,-6978.6171875,-7035.47998046875,-7071.7568359375,-7038.81005859375,-167809.921875,-168329.953125,-126923.53125,-137434.34375
+,17218.39012142,-6980.42724609375,-7041.1796875,-7074.1259765625,-7045.06884765625,-168355.21875,-168741.140625,-128088.015625,-137438.65625
+,17218.393138094,-6982.9306640625,-7047.03564453125,-7077.21044921875,-7051.41650390625,-168814.34375,-169076.84375,-129048.734375,-137442.234375
+,17218.398102091,-6979.64501953125,-7039.61474609375,-7073.1650390625,-7043.34765625,-168249.578125,-168650.421875,-127844.890625,-137436.203125
+,17218.402296666,-6978.66162109375,-7035.345703125,-7071.66748046875,-7038.60888671875,-167796.765625,-168318.0,-126892.6875,-137434.1875
+,17218.40610155,-6979.64501953125,-7039.3017578125,-7073.0751953125,-7043.07958984375,-168218.203125,-168638.40625,-127798.421875,-137437.34375
+,17218.410160831,-6981.23193359375,-7045.0908203125,-7075.2880859375,-7049.60595703125,-168804.28125,-169070.109375,-129032.3046875,-137440.65625
+,17218.415204612,-6983.06494140625,-7043.7724609375,-7076.71875,-7047.7734375,-168378.53125,-168747.0625,-128115.59375,-137440.25
+,17218.418241374,-6980.583984375,-7037.2900390625,-7073.65673828125,-7040.77734375,-167812.109375,-168328.234375,-126921.8125,-137436.15625
+,17218.421207178,-6976.85107421875,-7035.5693359375,-7070.1474609375,-7039.369140625,-168081.34375,-168535.234375,-127511.9375,-137434.21875
+,17218.426166613,-6979.10888671875,-7042.5205078125,-7073.1201171875,-7047.05810546875,-168753.796875,-169033.53125,-128932.28125,-137438.65625
+,17218.430179995,-6979.8017578125,-7041.3359375,-7073.544921875,-7045.5830078125,-168501.640625,-168838.53125,-128384.1484375,-137437.65625
+,17218.434224864,-6978.326171875,-7035.30078125,-7071.44384765625,-7038.720703125,-167853.234375,-168357.5,-127012.0,-137434.03125
+,17218.438235551,-6981.1201171875,-7038.9443359375,-7074.23779296875,-7042.47607421875,-167968.84375,-168452.328125,-127269.671875,-137437.953125
+,17218.441249904,-6982.7744140625,-7045.62744140625,-7076.6962890625,-7049.9638671875,-168673.28125,-168977.015625,-128763.1484375,-137442.234375
+,17218.445211785,-6982.1484375,-7044.4873046875,-7075.98095703125,-7048.7568359375,-168614.9375,-168925.703125,-128627.7421875,-137440.59375
+,17218.449291638,-6981.25439453125,-7038.87744140625,-7074.46142578125,-7042.22998046875,-167925.28125,-168412.28125,-127163.96875,-137437.21875
+,17218.45422049,-6980.6064453125,-7038.07275390625,-7073.9248046875,-7041.4921875,-167878.671875,-168385.40625,-127081.046875,-137437.234375
+,17218.458185262,-6979.1533203125,-7041.58203125,-7073.18701171875,-7045.6943359375,-168560.296875,-168894.71875,-128533.796875,-137438.53125
+,17218.462200923,-6979.1982421875,-7042.5654296875,-7073.3662109375,-7046.767578125,-168699.234375,-168990.5625,-128816.4375,-137438.34375
+,17218.466305814,-6980.09228515625,-7038.43017578125,-7073.45556640625,-7041.939453125,-168015.421875,-168480.078125,-127360.0859375,-137436.421875
+,17218.469469679,-6981.6123046875,-7038.60888671875,-7074.751953125,-7041.73828125,-167813.90625,-168337.890625,-126944.25,-137438.015625
+,17218.473244094,-6981.23193359375,-7042.744140625,-7075.0869140625,-7046.521484375,-168431.25,-168801.9375,-128263.8125,-137440.3125
+,17218.477242265,-6981.544921875,-7045.2919921875,-7075.9140625,-7049.62841796875,-168762.5625,-169041.796875,-128955.6171875,-137441.171875
+,17218.481269519,-6980.3828125,-7039.5478515625,-7073.99169921875,-7043.07958984375,-168131.078125,-168567.875,-127609.3984375,-137437.25
+,17218.486306846,-6978.9296875,-7035.61376953125,-7072.02490234375,-7038.720703125,-167776.078125,-168309.46875,-126868.390625,-137435.109375
+,17218.490276171,-6980.47216796875,-7040.93359375,-7074.1484375,-7044.66650390625,-168291.25,-168699.953125,-127972.2109375,-137439.109375
+,17218.49430829,-6982.26025390625,-7046.119140625,-7076.47265625,-7050.41064453125,-168785.59375,-169063.15625,-129010.9609375,-137442.203125
+,17218.498371004,-6978.3486328125,-7038.40771484375,-7072.00244140625,-7042.00634765625,-168253.53125,-168660.9375,-127876.65625,-137435.828125
+,17218.501380046,-6973.65478515625,-7030.24951171875,-7066.79443359375,-7033.42333984375,-167765.09375,-168301.0625,-126852.65625,-137429.921875
+,17218.505276721,-6975.66650390625,-7035.07763671875,-7069.23095703125,-7038.765625,-168148.640625,-168594.828125,-127678.3984375,-137434.03125
+,17218.510274322,-6979.3994140625,-7043.1689453125,-7073.58935546875,-7047.572265625,-168766.53125,-169052.28125,-128979.78125,-137439.765625
+,17218.514276944,-6978.1923828125,-7039.123046875,-7071.9130859375,-7043.03466796875,-168384.28125,-168760.875,-128158.5546875,-137436.453125
+,17218.518406266,-6975.7333984375,-7032.5068359375,-7068.9404296875,-7035.79248046875,-167794.796875,-168324.59375,-126914.0546875,-137432.3125
+,17218.522346446,-6978.03564453125,-7036.5302734375,-7071.5107421875,-7040.173828125,-168032.390625,-168510.21875,-127430.8046875,-137436.234375
+,17218.52539216,-6980.04736328125,-7043.3701171875,-7074.19287109375,-7047.81787109375,-168716.59375,-169018.609375,-128877.921875,-137440.625
+,17218.529363721,-6978.3935546875,-7040.03955078125,-7072.27099609375,-7044.3759765625,-168508.578125,-168855.78125,-128425.703125,-137437.328125
+,17218.533380766,-6978.5947265625,-7035.5693359375,-7071.734375,-7039.1005859375,-167851.859375,-168368.1875,-127032.203125,-137435.203125
+,17218.537433378,-6978.169921875,-7035.703125,-7071.39892578125,-7039.3466796875,-167927.421875,-168432.21875,-127207.8046875,-137435.9375
+,17218.542393754,-6975.66650390625,-7038.162109375,-7069.5439453125,-7042.60986328125,-168627.796875,-168953.3125,-128697.90625,-137436.03125
+,17218.546365857,-6975.44287109375,-7037.916015625,-7069.4765625,-7042.38671875,-168623.28125,-168941.765625,-128674.9921875,-137435.046875
+,17218.550628635,-6974.48193359375,-7032.126953125,-7067.82275390625,-7035.79248046875,-167934.046875,-168427.484375,-127209.9453125,-137431.53125
+,17218.553485203,-6973.2080078125,-7030.361328125,-7066.4814453125,-7033.9599609375,-167846.6875,-168369.34375,-127038.53125,-137430.859375
+,17218.557395532,-6972.64892578125,-7034.60791015625,-7066.5712890625,-7038.98876953125,-168517.828125,-168871.1875,-128467.703125,-137433.03125
+,17218.561406038,-6973.7216796875,-7036.91015625,-7067.755859375,-7041.42529296875,-168714.359375,-169009.59375,-128870.2578125,-137434.0
+,17218.565492792,-6975.66650390625,-7033.9599609375,-7069.05224609375,-7037.7373046875,-168044.234375,-168508.375,-127439.0078125,-137433.25
+,17218.570385729,-6972.2021484375,-7028.81884765625,-7065.22998046875,-7032.328125,-167798.234375,-168330.546875,-126931.421875,-137429.671875
+,17218.57438679,-6974.90673828125,-7035.904296875,-7068.44873046875,-7040.08447265625,-168395.609375,-168780.375,-128204.2890625,-137434.890625
+,17218.578417098,-6977.07470703125,-7040.64306640625,-7071.04150390625,-7045.359375,-168776.28125,-169057.359375,-128998.21875,-137437.875
+,17218.581431425,-6976.47119140625,-7035.63623046875,-7069.87890625,-7039.7041015625,-168167.890625,-168599.796875,-127698.46875,-137434.65625
+,17218.585487669,-6975.84521484375,-7032.23876953125,-7068.78369140625,-7035.904296875,-167780.4375,-168316.796875,-126886.296875,-137433.140625
+,17218.589470391,-6977.47705078125,-7037.357421875,-7070.99658203125,-7041.5595703125,-168265.203125,-168684.609375,-127925.4921875,-137437.28125
+,17218.593450362,-6979.1982421875,-7042.7216796875,-7073.25439453125,-7047.48291015625,-168791.125,-169071.359375,-129030.9453125,-137440.359375
+,17218.59849455,-6979.3544921875,-7039.27978515625,-7072.82958984375,-7043.41455078125,-168294.0,-168695.703125,-127965.234375,-137438.03125
+,17218.602593049,-6977.611328125,-7034.02685546875,-7070.572265625,-7037.5810546875,-167781.78125,-168318.21875,-126886.3359375,-137434.890625
+,17218.606488434,-6977.47705078125,-7036.3740234375,-7070.66162109375,-7040.375,-168126.765625,-168582.78125,-127633.2421875,-137436.765625
+,17218.609500746,-6981.43310546875,-7044.82275390625,-7075.37744140625,-7049.60595703125,-168764.046875,-169055.046875,-128976.140625,-137442.796875
+,17218.613565909,-6981.05322265625,-7041.939453125,-7074.751953125,-7046.3427734375,-168424.28125,-168794.8125,-128243.0703125,-137440.359375
+,17218.617622864,-6977.72265625,-7034.294921875,-7070.81787109375,-7038.05029296875,-167811.109375,-168339.90625,-126947.984375,-137435.109375
+,17218.621579706,-6977.3427734375,-7035.501953125,-7070.7060546875,-7039.27978515625,-168000.609375,-168488.953125,-127365.40625,-137436.3125
+,17218.625626433,-6979.33203125,-7042.341796875,-7073.3662109375,-7046.81201171875,-168693.515625,-169004.359375,-128832.7265625,-137440.671875
+,17218.630558587,-6977.923828125,-7039.5478515625,-7071.689453125,-7043.951171875,-168539.125,-168881.0,-128493.4765625,-137437.765625
+,17218.633596932,-6975.1748046875,-7032.1044921875,-7068.314453125,-7035.65869140625,-167867.015625,-168380.140625,-127067.859375,-137432.703125
+,17218.637539594,-6976.359375,-7033.66943359375,-7069.56640625,-7037.24560546875,-167901.34375,-168414.046875,-127154.203125,-137434.9375
+,17218.641570055,-6976.962890625,-7039.23486328125,-7070.884765625,-7043.63818359375,-168596.609375,-168933.234375,-128632.1875,-137438.21875
+,17218.645587732,-6978.5947265625,-7041.02294921875,-7072.494140625,-7045.515625,-168640.140625,-168957.96875,-128709.1875,-137439.171875
+,17218.649650142,-6981.03076171875,-7038.5419921875,-7074.26025390625,-7042.1630859375,-167954.21875,-168446.484375,-127246.734375,-137439.015625
+,17218.653654762,-6980.8076171875,-7037.4912109375,-7073.8798828125,-7040.93359375,-167826.59375,-168358.90625,-126990.359375,-137439.109375
+,17218.658555861,-6979.533203125,-7040.9560546875,-7073.298828125,-7045.158203125,-168474.734375,-168845.125,-128374.984375,-137440.625
+,17218.661566847,-6978.7958984375,-7041.80517578125,-7072.80712890625,-7046.3203125,-168710.671875,-169013.34375,-128864.9140625,-137440.03125
+,17218.66569963,-6975.353515625,-7033.580078125,-7068.67236328125,-7037.24560546875,-168046.609375,-168514.671875,-127452.3515625,-137433.8125
+,17218.669647816,-6975.0185546875,-7031.21044921875,-7067.86767578125,-7034.697265625,-167765.59375,-168312.078125,-126868.140625,-137433.203125
+,17218.67361508,-6975.82275390625,-7036.1728515625,-7069.3203125,-7040.3525390625,-168327.765625,-168737.15625,-128072.9453125,-137436.671875
+,17218.677569461,-6978.572265625,-7041.89453125,-7072.62841796875,-7046.521484375,-168743.578125,-169041.640625,-128943.4140625,-137440.453125
+,17218.681644173,-6977.87939453125,-7037.1337890625,-7071.46630859375,-7040.978515625,-168160.875,-168602.6875,-127698.0859375,-137437.21875
+,17218.686625086,-6977.25341796875,-7033.40087890625,-7070.46044921875,-7036.91015625,-167736.78125,-168292.546875,-126808.015625,-137435.640625
+,17218.689581697,-6976.22509765625,-7035.59130859375,-7069.87890625,-7039.5478515625,-168174.765625,-168626.5,-127755.1484375,-137436.9375
+,17218.69354409,-6978.30419921875,-7041.537109375,-7072.58349609375,-7046.20849609375,-168727.546875,-169035.203125,-128921.8671875,-137440.65625
+,17218.697560483,-6977.25341796875,-7037.15625,-7071.1083984375,-7041.24658203125,-168267.796875,-168686.71875,-127936.515625,-137437.34375
+,17218.701696576,-6975.10791015625,-7031.12109375,-7068.3369140625,-7034.5859375,-167725.1875,-168286.109375,-126793.265625,-137433.609375
+,17218.705666242,-6972.3583984375,-7030.67431640625,-7065.9453125,-7034.541015625,-168021.125,-168515.015625,-127443.0078125,-137432.921875
+,17218.709627992,-6975.10791015625,-7037.9609375,-7069.45458984375,-7042.7216796875,-168663.71875,-168993.203125,-128803.2890625,-137437.84375
+,17218.714595815,-6977.96875,-7038.65380859375,-7072.02490234375,-7043.05712890625,-168367.875,-168766.5625,-128160.1875,-137438.9375
+,17218.717648959,-6977.07470703125,-7033.24462890625,-7070.3486328125,-7036.86572265625,-167740.875,-168301.390625,-126832.4921875,-137436.09375
+,17218.721664171,-6977.90185546875,-7035.23388671875,-7071.26513671875,-7038.8994140625,-167885.203125,-168418.5,-127156.7734375,-137438.3125
+,17218.725611677,-6978.25927734375,-7040.5087890625,-7072.40478515625,-7045.06884765625,-168569.5625,-168929.640625,-128613.1015625,-137441.328125
+,17218.729625959,-6976.7841796875,-7038.25146484375,-7070.9072265625,-7042.63232421875,-168463.0625,-168842.171875,-128375.921875,-137438.890625
+,17218.733691433,-6976.67236328125,-7033.28955078125,-7070.01318359375,-7036.86572265625,-167788.109375,-168338.96875,-126939.9609375,-137436.34375
+,17218.737658225,-6976.9853515625,-7033.66943359375,-7070.326171875,-7037.24560546875,-167771.765625,-168335.484375,-126921.71875,-137437.609375
+,17218.742639037,-6977.67822265625,-7039.16796875,-7071.734375,-7043.63818359375,-168448.0,-168843.09375,-128365.265625,-137441.09375
+,17218.745643008,-6978.416015625,-7040.48681640625,-7072.6728515625,-7045.1357421875,-168547.484375,-168910.03125,-128563.6796875,-137441.75
+,17218.748723539,-6974.45947265625,-7031.65771484375,-7068.04638671875,-7035.5244140625,-167864.96875,-168398.015625,-127111.953125,-137435.421875
+,17218.753658616,-6972.44775390625,-7028.64013671875,-7065.85595703125,-7032.171875,-167689.109375,-168274.125,-126755.046875,-137433.515625
+,17218.757667111,-6975.7333984375,-7036.3515625,-7069.78955078125,-7040.66552734375,-168309.84375,-168743.46875,-128082.3359375,-137439.53125
+,17218.761675013,-6976.44873046875,-7038.921875,-7070.7060546875,-7043.45947265625,-168595.90625,-168950.4375,-128679.2578125,-137440.71875
skt,17218.765790374,-6974.66064453125,-7032.529296875,-7068.22509765625,-7036.28466796875,-167958.25,-168470.546875,-127316.8984375,-137436.390625
skt,17218.770690981,-6973.7666015625,-7029.5341796875,-7066.99560546875,-7032.88720703125,-167640.8125,-168240.0625,-126654.796875,-137435.21875
skt,17218.77370306,-6973.2080078125,-7032.79736328125,-7067.04052734375,-7036.7763671875,-168165.9375,-168639.125,-127787.625,-137437.296875
skt,17218.7767332,-6973.49853515625,-7036.23974609375,-7067.86767578125,-7040.82177734375,-168612.953125,-168967.359375,-128729.28125,-137438.84375
skt,17218.781711233,-6969.85498046875,-7028.59521484375,-7063.5537109375,-7032.3505859375,-168063.8125,-168551.015625,-127553.984375,-137432.71875
skt,17218.785736952,-6969.408203125,-7025.24267578125,-7062.7041015625,-7028.3720703125,-167618.90625,-168223.875,-126615.8828125,-137431.421875
skt,17218.789741472,-6968.201171875,-7026.9638671875,-7062.01123046875,-7030.67431640625,-168019.9375,-168531.546875,-127488.1171875,-137432.578125
skt,17218.793751046,-6970.9951171875,-7033.7138671875,-7065.40869140625,-7038.1396484375,-168597.59375,-168960.34375,-128709.3671875,-137437.296875
skt,17218.797816285,-6971.12890625,-7030.87548828125,-7065.00634765625,-7034.7646484375,-168189.34375,-168648.6875,-127827.1875,-137435.328125
skt,17218.801781013,-6974.3701171875,-7030.1826171875,-7067.64404296875,-7033.5576171875,-167637.34375,-168240.828125,-126653.7265625,-137436.984375
skt,17218.804786829,-6976.24755859375,-7034.07177734375,-7069.83447265625,-7037.7373046875,-167896.96875,-168443.625,-127222.0859375,-137440.8125
skt,17218.809733555,-6976.24755859375,-7038.720703125,-7070.482421875,-7043.07958984375,-168555.75,-168932.390625,-128620.4765625,-137443.046875
skt,17218.813748397,-6974.23583984375,-7034.9208984375,-7068.22509765625,-7038.9443359375,-168313.671875,-168743.4375,-128093.375,-137439.453125
skt,17218.817840406,-6971.5537109375,-7027.74609375,-7064.87255859375,-7030.8974609375,-167675.25,-168269.234375,-126740.40625,-137434.90625
skt,17218.821830575,-6971.10693359375,-7027.9921875,-7064.44775390625,-7031.2998046875,-167776.125,-168353.515625,-126974.4296875,-137435.671875
skt,17218.824857533,-6973.25244140625,-7035.03271484375,-7067.30859375,-7039.18994140625,-168466.96875,-168869.078125,-128443.203125,-137440.515625
skt,17218.828813421,-6971.91162109375,-7033.3564453125,-7066.01220703125,-7037.40185546875,-168417.875,-168823.578125,-128324.8515625,-137438.3125
skt,17218.83286659,-6969.7431640625,-7026.5166015625,-7063.12890625,-7029.7353515625,-167743.9375,-168320.640625,-126890.453125,-137433.859375
skt,17218.836895608,-6968.06689453125,-7024.52734375,-7061.3408203125,-7027.74609375,-167692.21875,-168290.28125,-126799.078125,-137433.046875
skt,17218.841845673,-6968.3349609375,-7029.556640625,-7062.3017578125,-7033.44580078125,-168360.421875,-168790.734375,-128225.859375,-137436.234375
skt,17218.845809623,-6971.86669921875,-7034.07177734375,-7066.01220703125,-7038.0947265625,-168510.71875,-168894.78125,-128526.015625,-137439.6875
skt,17218.850377143,-6974.7275390625,-7032.126953125,-7068.24755859375,-7035.3681640625,-167849.28125,-168400.34375,-127108.828125,-137439.9375
skt,17218.852889971,-6973.341796875,-7029.48974609375,-7066.705078125,-7032.43994140625,-167645.703125,-168256.09375,-126691.8984375,-137438.703125
skt,17218.85684778,-6973.7890625,-7034.22802734375,-7067.755859375,-7037.916015625,-168247.703125,-168709.640625,-127982.53125,-137441.8125
skt,17218.860882754,-6972.134765625,-7034.85400390625,-7066.43701171875,-7038.921875,-168580.703125,-168949.375,-128678.8828125,-137440.8125
skt,17218.864872513,-6970.5703125,-7029.02001953125,-7064.26904296875,-7032.28369140625,-167971.375,-168490.28125,-127373.1796875,-137436.71875
skt,17218.869849666,-6969.564453125,-7025.60009765625,-7062.81591796875,-7028.59521484375,-167623.9375,-168237.578125,-126646.2578125,-137435.21875
skt,17218.873864927,-6974.05712890625,-7033.69140625,-7067.86767578125,-7037.20068359375,-168126.796875,-168620.515625,-127725.375,-137442.234375
skt,17218.877872552,-6974.5712890625,-7037.7822265625,-7068.85107421875,-7041.7158203125,-168619.375,-168981.09375,-128761.109375,-137444.078125
skt,17218.880903277,-6971.08447265625,-7030.65185546875,-7064.80517578125,-7033.982421875,-168111.203125,-168594.78125,-127669.40625,-137438.171875
skt,17218.884882243,-6971.44189453125,-7027.85791015625,-7064.80517578125,-7030.60693359375,-167641.96875,-168249.875,-126677.375,-137437.59375
skt,17218.888917478,-6969.47509765625,-7028.55078125,-7063.19580078125,-7031.85888671875,-168012.15625,-168533.515625,-127484.25,-137437.6875
skt,17218.892911357,-6972.71630859375,-7036.03857421875,-7067.15234375,-7040.06201171875,-168619.59375,-168982.40625,-128765.0234375,-137442.796875
skt,17218.897884047,-6972.1572265625,-7032.79736328125,-7066.19091796875,-7036.3740234375,-168255.59375,-168702.890625,-127974.6484375,-137440.1875
skt,17218.901909957,-6970.123046875,-7026.80712890625,-7063.62060546875,-7029.69091796875,-167684.9375,-168280.109375,-126765.5703125,-137436.46875
skt,17218.905929498,-6971.5537109375,-7029.9365234375,-7065.296875,-7033.06591796875,-167911.6875,-168458.109375,-127264.0390625,-137439.671875
skt,17218.908941522,-6971.46435546875,-7034.5185546875,-7065.85595703125,-7038.4970703125,-168583.859375,-168956.875,-128691.53125,-137441.96875
skt,17218.912915942,-6971.48681640625,-7033.06591796875,-7065.58740234375,-7036.9326171875,-168397.640625,-168809.453125,-128278.609375,-137440.359375
skt,17218.917114529,-6971.5537109375,-7028.59521484375,-7064.9619140625,-7031.7470703125,-167758.578125,-168334.078125,-126916.984375,-137438.28125
skt,17218.921024341,-6970.212890625,-7027.81298828125,-7063.59814453125,-7031.05419921875,-167825.640625,-168392.390625,-127078.203125,-137438.015625
skt,17218.925021431,-6972.2021484375,-7034.8984375,-7066.45947265625,-7038.83251953125,-168516.1875,-168908.125,-128546.984375,-137442.6875
skt,17218.929960551,-6973.31982421875,-7035.88232421875,-7067.64404296875,-7039.83837890625,-168524.421875,-168905.40625,-128545.9765625,-137443.0625
skt,17218.93407164,-6968.51416015625,-7026.24853515625,-7062.01123046875,-7029.5341796875,-167852.75,-168402.3125,-127116.40625,-137435.609375
skt,17218.937052129,-6966.12255859375,-7023.45458984375,-7059.4853515625,-7026.5390625,-167762.375,-168342.25,-126941.859375,-137433.65625
skt,17218.940971796,-6969.27392578125,-7031.3447265625,-7063.375,-7035.25634765625,-168421.125,-168836.859375,-128346.015625,-137439.578125
skt,17218.944975296,-6971.5537109375,-7035.01025390625,-7065.85595703125,-7039.03369140625,-168625.9375,-168980.96875,-128762.296875,-137441.859375
skt,17218.949053125,-6971.68798828125,-7030.5625,-7065.296875,-7033.7138671875,-167979.109375,-168495.265625,-127375.015625,-137439.3125
skt,17218.953073644,-6970.88330078125,-7028.103515625,-7064.22412109375,-7031.05419921875,-167745.75,-168327.328125,-126890.09375,-137438.28125
skt,17218.957980505,-6972.2021484375,-7033.5126953125,-7066.2802734375,-7037.3125,-168332.015625,-168768.34375,-128144.09375,-137442.03125
skt,17218.961996663,-6973.22998046875,-7037.20068359375,-7067.64404296875,-7041.40283203125,-168715.28125,-169045.015625,-128940.8203125,-137443.828125
skt,17218.965048179,-6971.24072265625,-7031.166015625,-7065.07373046875,-7034.67529296875,-168135.4375,-168606.109375,-127693.59375,-137439.171875
skt,17218.969051526,-6970.5927734375,-7027.9697265625,-7064.00048828125,-7030.96484375,-167765.421875,-168334.9375,-126913.96875,-137437.65625
skt,17218.973045323,-6971.48681640625,-7032.3056640625,-7065.3642578125,-7035.83740234375,-168239.5625,-168694.421875,-127934.4375,-137440.65625
skt,17218.977083128,-6974.19140625,-7038.6982421875,-7068.67236328125,-7042.85595703125,-168770.0,-169083.640625,-129047.7734375,-137444.828125
skt,17218.98110142,-6972.783203125,-7033.87060546875,-7066.7724609375,-7037.5361328125,-168301.296875,-168726.859375,-128035.734375,-137440.984375
skt,17218.98605847,-6969.09521484375,-7026.65087890625,-7062.5703125,-7029.7578125,-167803.984375,-168358.75,-126985.109375,-137435.765625
skt,17218.989104265,-6967.7314453125,-7027.65673828125,-7061.45263671875,-7031.1884765625,-168138.65625,-168615.125,-127713.53125,-137436.046875
skt,17218.993067104,-6971.576171875,-7035.99365234375,-7065.9228515625,-7040.26318359375,-168771.578125,-169083.34375,-129048.3515625,-137441.6875
skt,17218.997047663,-6974.392578125,-7036.5751953125,-7068.47119140625,-7040.3525390625,-168457.515625,-168841.953125,-128359.7890625,-137442.515625
skt,17219.001129781,-6971.08447265625,-7029.154296875,-7064.62646484375,-7032.28369140625,-167865.671875,-168402.203125,-127104.1328125,-137437.296875
skt,17219.005196619,-6970.30224609375,-7029.7578125,-7064.02294921875,-7033.19970703125,-168048.53125,-168546.25,-127509.859375,-137437.71875
skt,17219.009162123,-6973.07373046875,-7037.3125,-7067.44287109375,-7041.60400390625,-168731.46875,-169054.203125,-128957.4765625,-137442.671875
skt,17219.014151431,-6973.45361328125,-7036.48583984375,-7067.59912109375,-7040.66552734375,-168594.875,-168943.625,-128648.640625,-137441.53125
skt,17219.017133633,-6972.5595703125,-7030.9423828125,-7066.0791015625,-7034.27294921875,-167947.921875,-168461.4375,-127269.1796875,-137438.125
skt,17219.02117321,-6973.05126953125,-7031.724609375,-7066.5263671875,-7034.98828125,-167976.796875,-168491.140625,-127345.9765625,-137439.25
skt,17219.025165555,-6971.10693359375,-7034.5185546875,-7065.25244140625,-7038.6982421875,-168652.390625,-168994.984375,-128787.7578125,-137439.734375
skt,17219.029193484,-6972.22412109375,-7036.01611328125,-7066.4814453125,-7040.26318359375,-168706.5625,-169026.375,-128883.6015625,-137440.203125
skt,17219.033214997,-6973.47607421875,-7032.5517578125,-7067.04052734375,-7036.1279296875,-168045.328125,-168531.75,-127467.015625,-137438.796875
skt,17219.03722691,-6972.537109375,-7030.7861328125,-7065.9228515625,-7034.294921875,-167921.375,-168446.09375,-127216.8125,-137437.953125
skt,17219.042179073,-6972.22412109375,-7034.98828125,-7066.2802734375,-7039.16796875,-168557.671875,-168922.90625,-128576.7578125,-137439.953125
skt,17219.045192551,-6974.1240234375,-7038.47509765625,-7068.40380859375,-7043.01220703125,-168807.859375,-169100.71875,-129090.0390625,-137441.71875
skt,17219.048193212,-6971.71044921875,-7031.41162109375,-7065.18505859375,-7035.23388671875,-168171.859375,-168622.03125,-127727.7890625,-137436.3125
skt,17219.053177266,-6970.1455078125,-7027.9921875,-7063.3076171875,-7031.5234375,-167895.734375,-168421.671875,-127152.0078125,-137434.1875
skt,17219.05719075,-6973.140625,-7035.07763671875,-7067.04052734375,-7039.21240234375,-168448.015625,-168838.78125,-128333.6796875,-137439.609375
skt,17219.061222017,-6978.1923828125,-7042.83349609375,-7072.494140625,-7047.52734375,-168871.125,-169147.875,-129213.890625,-137445.390625
skt,17219.065234937,-6980.67333984375,-7041.291015625,-7074.41650390625,-7045.3818359375,-168316.6875,-168729.3125,-128016.9765625,-137445.03125
skt,17219.070255753,-6979.86865234375,-7037.759765625,-7073.1201171875,-7041.3583984375,-167908.03125,-168429.046875,-127155.0078125,-137443.09375
skt,17219.073230113,-6978.1923828125,-7039.23486328125,-7071.9580078125,-7043.28076171875,-168341.359375,-168758.15625,-128092.2578125,-137443.421875
skt,17219.076241148,-6980.02490234375,-7044.80029296875,-7074.3271484375,-7049.5390625,-168892.59375,-169163.1875,-129251.8046875,-137446.484375
skt,17219.081236325,-6978.572265625,-7040.173828125,-7072.3154296875,-7044.39794921875,-168454.015625,-168828.421875,-128303.953125,-137442.515625
skt,17219.085250125,-6976.87353515625,-7034.83154296875,-7070.125,-7038.45263671875,-167932.484375,-168442.390625,-127198.7734375,-137439.0625
skt,17219.089226395,-6976.7841796875,-7036.86572265625,-7070.25927734375,-7040.93359375,-168228.390625,-168670.328125,-127843.6875,-137440.453125
skt,17219.093280566,-6977.0078125,-7041.58203125,-7071.1083984375,-7046.38720703125,-168869.375,-169144.078125,-129200.1875,-137442.546875
skt,17219.098353825,-6977.3203125,-7039.83837890625,-7071.1533203125,-7044.2861328125,-168592.21875,-168928.671875,-128592.203125,-137440.859375
skt,17219.101357543,-6978.68408203125,-7037.02197265625,-7071.9580078125,-7040.732421875,-167987.75,-168479.828125,-127303.3984375,-137439.984375
skt,17219.104301394,-6975.86767578125,-7035.23388671875,-7069.275390625,-7039.123046875,-168128.125,-168591.609375,-127621.109375,-137438.21875
skt,17219.10920889,-6976.7392578125,-7040.77734375,-7070.79541015625,-7045.4931640625,-168810.703125,-169099.328125,-129070.5703125,-137441.1875
skt,17219.113238614,-6980.78515625,-7044.01806640625,-7074.6845703125,-7048.689453125,-168725.03125,-169026.78125,-128865.8125,-137443.71875
skt,17219.117351773,-6980.7177734375,-7039.39111328125,-7074.03662109375,-7043.45947265625,-168067.953125,-168536.046875,-127462.34375,-137441.171875
skt,17219.121256133,-6978.70654296875,-7037.3798828125,-7072.00244140625,-7041.40283203125,-168051.1875,-168530.796875,-127443.1875,-137439.578125
skt,17219.126231083,-6979.578125,-7043.01220703125,-7073.5673828125,-7047.7734375,-168723.0,-169033.1875,-128874.8203125,-137442.75
skt,17219.129248806,-6979.98046875,-7044.01806640625,-7074.1484375,-7048.98046875,-168829.28125,-169102.609375,-129082.6875,-137442.59375
skt,17219.132653935,-6980.31591796875,-7039.525390625,-7073.6787109375,-7043.7724609375,-168166.921875,-168605.90625,-127663.2421875,-137440.0
skt,17219.137238656,-6980.3828125,-7038.4970703125,-7073.61181640625,-7042.498046875,-167999.71875,-168488.03125,-127320.609375,-137439.828125
skt,17219.141241372,-6980.583984375,-7043.01220703125,-7074.349609375,-7047.7060546875,-168616.359375,-168951.453125,-128639.296875,-137442.3125
skt,17219.145285125,-6982.595703125,-7046.96875,-7076.763671875,-7051.953125,-168908.171875,-169160.125,-129241.1171875,-137444.515625
skt,17219.149934602,-6980.0029296875,-7039.88330078125,-7073.58935546875,-7044.21923828125,-168283.0625,-168688.09375,-127901.6875,-137439.015625
skt,17219.153312832,-6977.67822265625,-7035.345703125,-7070.86279296875,-7039.369140625,-167970.03125,-168459.953125,-127247.9453125,-137435.890625
skt,17219.157265576,-6977.7900390625,-7039.123046875,-7071.5107421875,-7043.7275390625,-168490.25,-168854.625,-128367.703125,-137438.1875
skt,17219.160320164,-6977.90185546875,-7042.45361328125,-7072.06982421875,-7047.59423828125,-168944.390625,-169187.03125,-129322.65625,-137439.109375
+,17219.164352906,-6977.923828125,-7038.765625,-7071.57763671875,-7043.28076171875,-168418.421875,-168786.890625,-128186.1796875,-137436.34375
+,17219.169313239,-6979.734375,-7037.4912109375,-7072.9189453125,-7041.47021484375,-167980.78125,-168463.21875,-127256.1015625,-137436.625
+,17219.173290021,-6982.26025390625,-7042.87841796875,-7075.86962890625,-7047.28173828125,-168381.171875,-168769.59375,-128119.4609375,-137441.03125
+,17219.17731072,-6982.50634765625,-7047.19189453125,-7076.62939453125,-7052.3330078125,-168960.125,-169197.46875,-129343.0859375,-137442.796875
+,17219.18136344,-6981.3662109375,-7043.19091796875,-7075.0869140625,-7047.84033203125,-168562.59375,-168891.703125,-128480.7109375,-137439.296875
+,17219.185337442,-6979.779296875,-7037.82666015625,-7073.00830078125,-7041.80517578125,-168013.796875,-168482.421875,-127313.8359375,-137435.765625
+,17219.188381076,-6980.82958984375,-7040.77734375,-7074.3271484375,-7045.06884765625,-168271.015625,-168681.90625,-127874.328125,-137438.234375
+,17219.192368013,-6981.388671875,-7045.962890625,-7075.57861328125,-7051.01416015625,-168930.28125,-169171.875,-129272.6796875,-137440.671875
+,17219.197392202,-6981.65673828125,-7044.39794921875,-7075.62353515625,-7049.20361328125,-168701.0,-168991.453125,-128766.8359375,-137439.0
+,17219.201389491,-6982.26025390625,-7040.5537109375,-7075.556640625,-7044.59912109375,-168076.40625,-168524.578125,-127433.015625,-137437.09375
+,17219.205383656,-6984.11572265625,-7043.39208984375,-7077.5234375,-7047.5048828125,-168183.953125,-168612.625,-127674.21875,-137439.9375
+,17219.208401902,-6985.009765625,-7049.1142578125,-7079.087890625,-7054.07666015625,-168873.375,-169127.375,-129139.9296875,-137443.015625
+,17219.212391095,-6985.3896484375,-7049.00244140625,-7079.46826171875,-7053.96484375,-168833.359375,-169088.0625,-129036.7578125,-137442.203125
+,17219.216580529,-6985.12109375,-7043.9736328125,-7078.484375,-7048.17578125,-168167.703125,-168588.875,-127614.046875,-137439.109375
+,17219.220426645,-6983.62353515625,-7042.341796875,-7076.919921875,-7046.43212890625,-168115.15625,-168556.03125,-127516.90625,-137437.875
+,17219.225371228,-6985.7919921875,-7049.24853515625,-7079.892578125,-7054.1435546875,-168784.765625,-169058.625,-128943.0078125,-137442.375
+,17219.229413537,-6989.189453125,-7053.5625,-7083.2900390625,-7058.63623046875,-168945.03125,-169170.140625,-129263.9140625,-137445.234375
+,17219.233458232,-6990.48583984375,-7050.09765625,-7083.84912109375,-7054.3447265625,-168283.84375,-168673.078125,-127846.5234375,-137443.578125
+,17219.236445307,-6988.2060546875,-7046.365234375,-7081.43505859375,-7050.3662109375,-168074.1875,-168521.953125,-127413.8828125,-137440.90625
+,17219.240409893,-6988.07177734375,-7050.544921875,-7081.85986328125,-7055.26123046875,-168675.65625,-168974.921875,-128701.1015625,-137443.046875
+,17219.244459555,-6988.87646484375,-7053.5625,-7083.0888671875,-7058.7705078125,-169015.078125,-169220.34375,-129407.90625,-137444.140625
+,17219.249534109,-6990.552734375,-7050.947265625,-7084.22900390625,-7055.46240234375,-168405.078125,-168760.296875,-128097.21875,-137442.9375
+,17219.253423419,-6990.21728515625,-7048.22021484375,-7083.513671875,-7052.39990234375,-168052.171875,-168501.625,-127355.125,-137441.65625
+,17219.257457611,-6991.5361328125,-7053.115234375,-7085.23486328125,-7057.83154296875,-168552.109375,-168880.390625,-128427.4921875,-137444.90625
+,17219.261556553,-6993.9951171875,-7059.03857421875,-7088.20751953125,-7064.26904296875,-169051.8125,-169247.234375,-129475.65625,-137448.203125
+,17219.264623061,-6992.69873046875,-7053.919921875,-7086.330078125,-7058.63623046875,-168539.390625,-168857.84375,-128374.4765625,-137444.03125
+,17219.268594493,-6991.42431640625,-7049.3154296875,-7084.58642578125,-7053.40576171875,-168058.34375,-168502.140625,-127358.4296875,-137441.25
+,17219.272561738,-6995.1796875,-7055.81982421875,-7088.76611328125,-7060.357421875,-168433.828125,-168789.890625,-128165.4375,-137446.734375
+,17219.276584246,-6996.185546875,-7061.18408203125,-7090.30859375,-7066.43701171875,-169046.171875,-169242.0625,-129457.34375,-137449.28125
+,17219.280580504,-6992.07275390625,-7054.2998046875,-7085.8828125,-7059.150390625,-168673.5,-168954.9375,-128654.875,-137442.796875
+,17219.285568614,-6990.3291015625,-7048.33203125,-7083.44677734375,-7052.60107421875,-168089.609375,-168521.09375,-127418.0,-137438.890625
+,17219.289559786,-6991.15625,-7050.88037109375,-7084.4970703125,-7055.39501953125,-168313.640625,-168695.671875,-127907.390625,-137440.96875
+,17219.292571394,-6992.20703125,-7056.736328125,-7086.26318359375,-7062.123046875,-168994.359375,-169201.15625,-129348.515625,-137444.125
+,17219.296538844,-6992.29638671875,-7055.39501953125,-7086.21826171875,-7060.40185546875,-168803.328125,-169050.171875,-128927.6796875,-137442.421875
+,17219.300600062,-6991.5810546875,-7049.9638671875,-7084.876953125,-7054.27783203125,-168146.1875,-168560.578125,-127531.390625,-137439.109375
+,17219.304586208,-6991.06689453125,-7049.82958984375,-7084.3408203125,-7054.322265625,-168207.859375,-168613.875,-127677.3671875,-137439.171875
+,17219.308590818,-6992.02783203125,-7055.775390625,-7085.99462890625,-7061.02783203125,-168904.90625,-169133.75,-129157.5625,-137442.515625
+,17219.313564439,-6992.564453125,-7056.3115234375,-7086.486328125,-7061.564453125,-168909.65625,-169128.609375,-129152.15625,-137442.03125
+,17219.317616352,-6989.65869140625,-7048.44384765625,-7082.91015625,-7053.1376953125,-168219.546875,-168612.328125,-127685.75,-137436.203125
+,17219.320570579,-6990.41845703125,-7048.48828125,-7083.58056640625,-7053.16015625,-168124.765625,-168549.0,-127497.1640625,-137437.125
+,17219.324552058,-6995.3583984375,-7058.27880859375,-7089.21337890625,-7063.62060546875,-168793.046875,-169050.515625,-128915.359375,-137444.5
+,17219.328562978,-6995.73828125,-7059.84326171875,-7089.6826171875,-7065.40869140625,-168994.359375,-169192.015625,-129328.375,-137444.390625
+,17219.332623352,-6993.9501953125,-7053.18212890625,-7087.20166015625,-7058.01025390625,-168323.1875,-168688.421875,-127898.40625,-137439.53125
+,17219.336612263,-6989.81494140625,-7047.39306640625,-7082.9326171875,-7052.06494140625,-168069.859375,-168504.765625,-127376.1953125,-137434.96875
+,17219.341570735,-6993.88330078125,-7055.73046875,-7087.693359375,-7061.07275390625,-168661.03125,-168950.375,-128634.78125,-137441.453125
+,17219.344591622,-6994.9111328125,-7059.4853515625,-7089.23583984375,-7065.22998046875,-169042.6875,-169227.375,-129431.265625,-137443.21875
+,17219.348881191,-6993.27978515625,-7053.4951171875,-7086.93359375,-7058.4794921875,-168436.515625,-168770.515625,-128136.6484375,-137438.578125
+,17219.352590832,-6994.330078125,-7051.79638671875,-7087.4921875,-7056.3115234375,-168045.09375,-168484.234375,-127313.1484375,-137438.546875
+,17219.356578774,-6995.1572265625,-7056.04345703125,-7088.8779296875,-7061.162109375,-168521.21875,-168844.609375,-128333.7734375,-137441.484375
+,17219.36061601,-6996.587890625,-7061.1171875,-7090.84521484375,-7066.8837890625,-169056.796875,-169237.328125,-129458.5546875,-137444.046875
+,17219.36468307,-6998.46533203125,-7059.44091796875,-7092.1416015625,-7064.62646484375,-168571.421875,-168869.671875,-128414.328125,-137443.15625
+,17219.369609898,-6996.63232421875,-7054.00927734375,-7089.83935546875,-7058.501953125,-168050.875,-168485.109375,-127316.7890625,-137439.734375
+,17219.372607722,-6995.06787109375,-7055.01513671875,-7088.7216796875,-7059.9326171875,-168386.578125,-168741.125,-128043.6640625,-137439.828125
+,17219.376605117,-6997.70556640625,-7062.16796875,-7092.07421875,-7067.8896484375,-169029.875,-169216.46875,-129399.4140625,-137444.28125
+,17219.380634284,-6996.85595703125,-7058.85986328125,-7090.82275390625,-7064.20166015625,-168697.21875,-168960.859375,-128681.609375,-137441.25
+,17219.384634997,-6994.173828125,-7051.81884765625,-7087.5595703125,-7056.42333984375,-168079.34375,-168502.296875,-127375.6640625,-137436.3125
+,17219.388646247,-6993.3466796875,-7052.3330078125,-7086.888671875,-7057.20556640625,-168264.6875,-168647.359375,-127783.8515625,-137436.828125
+,17219.392679059,-6995.984375,-7059.9326171875,-7090.17431640625,-7065.58740234375,-168961.328125,-169164.375,-129256.1796875,-137441.59375
+,17219.397694565,-6998.15234375,-7060.84912109375,-7092.0966796875,-7066.25830078125,-168813.9375,-169046.71875,-128927.296875,-137442.171875
+,17219.400742895,-6997.30322265625,-7055.126953125,-7090.509765625,-7059.75390625,-168138.140625,-168543.75,-127493.609375,-137438.625
+,17219.40369585,-6994.732421875,-7052.8916015625,-7088.05126953125,-7057.58544921875,-168160.421875,-168566.84375,-127557.6484375,-137436.703125
+,17219.408688841,-6993.88330078125,-7057.04931640625,-7087.98388671875,-7062.525390625,-168857.953125,-169086.203125,-129039.9921875,-137438.34375
+,17219.41272581,-6997.21337890625,-7060.71484375,-7091.44873046875,-7066.302734375,-168915.484375,-169121.25,-129144.3359375,-137441.015625
+,17219.416711226,-6996.3642578125,-7054.85888671875,-7089.90625,-7059.61962890625,-168220.125,-168601.953125,-127665.8359375,-137437.28125
+,17219.420804921,-6995.49267578125,-7053.02587890625,-7088.744140625,-7057.67529296875,-168081.34375,-168505.078125,-127384.9609375,-137436.359375
+,17219.425755413,-6995.73828125,-7057.9208984375,-7089.61572265625,-7063.3076171875,-168734.96875,-168994.03125,-128776.6484375,-137439.15625
+,17219.428790663,-6999.314453125,-7063.1513671875,-7093.52734375,-7068.8955078125,-168990.46875,-169176.59375,-129301.625,-137442.734375
+,17219.431757958,-6998.82275390625,-7058.03271484375,-7092.43212890625,-7062.97265625,-168326.984375,-168679.3125,-127887.1171875,-137439.40625
+,17219.436752124,-6995.5146484375,-7052.7578125,-7088.83349609375,-7057.22802734375,-168032.484375,-168465.1875,-127276.1953125,-137435.421875
+,17219.44072893,-6995.3359375,-7056.60205078125,-7089.23583984375,-7061.78759765625,-168597.6875,-168889.9375,-128484.2890625,-137437.640625
+,17219.44477641,-6999.806640625,-7063.9560546875,-7094.04150390625,-7069.7001953125,-169031.765625,-169206.421875,-129388.75,-137442.796875
+,17219.449028999,-7000.72265625,-7060.6923828125,-7094.37646484375,-7065.7666015625,-168450.5625,-168769.125,-128145.28125,-137440.9375
+,17219.45380301,-6997.1240234375,-7054.0986328125,-7090.37548828125,-7058.65869140625,-168016.75,-168450.171875,-127236.7265625,-137436.046875
+,17219.456783937,-6997.5263671875,-7057.7646484375,-7091.22509765625,-7062.7490234375,-168463.171875,-168788.28125,-128194.96875,-137438.59375
+,17219.459812872,-7000.365234375,-7064.5595703125,-7094.689453125,-7070.25927734375,-169033.875,-169207.75,-129393.4453125,-137442.984375
+,17219.464855047,-7000.90185546875,-7061.720703125,-7094.7568359375,-7066.9736328125,-168579.140625,-168863.09375,-128416.6953125,-137441.015625
+,17219.468920374,-7001.169921875,-7058.05517578125,-7094.4658203125,-7062.7265625,-168031.921875,-168459.578125,-127260.3984375,-137439.453125
+,17219.472811728,-7000.9462890625,-7060.15625,-7094.57763671875,-7065.140625,-168333.765625,-168690.5625,-127913.671875,-137440.96875
+,17219.476817193,-7000.67822265625,-7064.47021484375,-7094.80126953125,-7070.28125,-168996.984375,-169179.703125,-129315.2578125,-137442.6875
+,17219.481812928,-7001.70654296875,-7063.41943359375,-7095.62841796875,-7068.87353515625,-168713.40625,-168961.109375,-128699.2421875,-137441.765625
+,17219.484947889,-7002.130859375,-7059.3291015625,-7095.40478515625,-7064.06787109375,-168075.265625,-168488.484375,-127346.46875,-137439.890625
+,17219.487860433,-6998.84521484375,-7057.18310546875,-7092.36474609375,-7062.123046875,-168214.25,-168598.0625,-127658.9296875,-137437.765625
+,17219.492819316,-7002.17578125,-7065.4755859375,-7096.36572265625,-7071.17529296875,-168920.78125,-169122.890625,-129152.9140625,-137443.375
+,17219.496994414,-7003.60595703125,-7066.1240234375,-7097.7294921875,-7071.689453125,-168827.28125,-169045.328125,-128939.3046875,-137443.53125
+,17219.500924961,-7000.20849609375,-7057.80908203125,-7093.63916015625,-7062.65966796875,-168135.046875,-168529.6875,-127472.4921875,-137437.40625
+,17219.504861229,-6997.30322265625,-7054.9033203125,-7090.77783203125,-7059.66455078125,-168110.0625,-168517.46875,-127436.28125,-137435.125
+,17219.508851108,-6997.794921875,-7060.3125,-7091.91796875,-7065.85595703125,-168802.140625,-169033.28125,-128907.359375,-137438.21875
+,17219.512834264,-6998.26416015625,-7061.47509765625,-7092.521484375,-7067.107421875,-168910.390625,-169105.390625,-129123.0546875,-137438.234375
+,17219.516048312,-6998.5771484375,-7056.9150390625,-7092.23095703125,-7061.720703125,-168216.765625,-168587.8125,-127645.8046875,-137435.671875
+,17219.51993919,-6999.11328125,-7056.26708984375,-7092.56591796875,-7060.87158203125,-168039.03125,-168462.34375,-127280.0859375,-137436.203125
+,17219.52484583,-6999.27001953125,-7061.1171875,-7093.3486328125,-7066.3251953125,-168673.78125,-168937.21875,-128633.3515625,-137438.890625
+,17219.528868433,-6999.24755859375,-7063.01708984375,-7093.52734375,-7068.6943359375,-168971.640625,-169150.328125,-129252.4296875,-137439.0625
+,17219.533011851,-7000.72265625,-7059.86572265625,-7094.3095703125,-7064.7607421875,-168324.484375,-168665.6875,-127869.2109375,-137437.5625
+,17219.535967469,-6999.27001953125,-7056.1328125,-7092.45458984375,-7060.67041015625,-167996.453125,-168426.828125,-127184.0859375,-137435.578125
+,17219.539884457,-6999.203125,-7059.99951171875,-7092.9462890625,-7065.07373046875,-168534.984375,-168831.734375,-128336.609375,-137437.96875
+,17219.543931295,-7000.5888671875,-7064.78271484375,-7094.9580078125,-7070.39306640625,-169006.28125,-169174.140625,-129322.3671875,-137440.40625
+,17219.547946193,-7001.86279296875,-7061.966796875,-7095.7177734375,-7066.9736328125,-168452.453125,-168756.875,-128134.8359375,-137438.90625
+,17219.55289339,-7001.86279296875,-7058.5693359375,-7095.13671875,-7062.97265625,-167984.734375,-168414.875,-127150.7109375,-137437.640625
+,17219.556892765,-6998.26416015625,-7057.98779296875,-7091.85107421875,-7062.83837890625,-168392.125,-168721.859375,-128030.4140625,-137435.9375
+,17219.560932266,-6997.81689453125,-7061.83251953125,-7092.1416015625,-7067.37548828125,-168993.65625,-169161.265625,-129296.484375,-137437.234375
tag,17219.563987613,-6997.9736328125,-7058.81494140625,-7091.82861328125,-7064.02294921875,-168576.296875,-168844.609375,-128399.0625,-137435.09375
tag,17219.567934248,-6998.3984375,-7055.06005859375,-7091.515625,-7059.61962890625,-167995.890625,-168418.3125,-127173.46875,-137433.5625
tag,17219.571938363,-6999.3369140625,-7058.03271484375,-7092.65576171875,-7062.86083984375,-168259.96875,-168621.3125,-127746.34375,-137436.109375
tag,17219.575912,-7003.65087890625,-7067.19677734375,-7097.751953125,-7072.78466796875,-168946.125,-169126.734375,-129189.7734375,-137442.671875
tag,17219.580936334,-7004.50048828125,-7066.146484375,-7098.37744140625,-7071.39892578125,-168705.640625,-168940.15625,-128664.8671875,-137441.640625
tag,17219.584941591,-7002.5556640625,-7059.4853515625,-7095.60595703125,-7064.02294921875,-168046.625,-168453.3125,-127271.703125,-137437.328125
tag,17219.588937876,-6996.7890625,-7054.59033203125,-7089.951171875,-7059.21728515625,-168146.109375,-168532.796875,-127503.2265625,-137432.671875
tag,17219.591982856,-6995.73828125,-7058.61376953125,-7089.7275390625,-7064.134765625,-168853.796875,-169055.109375,-129002.578125,-137434.1875
tag,17219.595968105,-6998.26416015625,-7060.64794921875,-7092.275390625,-7066.146484375,-168807.078125,-169011.84375,-128885.0546875,-137435.640625
tag,17219.600035803,-7000.1865234375,-7057.58544921875,-7093.43798828125,-7062.3466796875,-168111.5625,-168497.03125,-127406.421875,-137434.9375
tag,17219.60401557,-6998.912109375,-7056.04345703125,-7091.98486328125,-7060.67041015625,-168051.765625,-168459.421875,-127294.7734375,-137434.171875
tag,17219.609001617,-7000.20849609375,-7062.18994140625,-7093.99658203125,-7067.62158203125,-168739.21875,-168969.359375,-128752.796875,-137438.015625
tag,17219.613001823,-7001.05810546875,-7064.06787109375,-7095.02490234375,-7069.63330078125,-168897.015625,-169077.046875,-129071.1796875,-137438.546875
tag,17219.617041983,-7000.96875,-7059.06103515625,-7094.2646484375,-7063.79931640625,-168206.125,-168563.109375,-127600.6796875,-137435.671875
tag,17219.6200404,-7000.9912109375,-7057.65283203125,-7094.04150390625,-7062.18994140625,-167986.59375,-168406.875,-127146.6875,-137435.609375
tag,17219.623960529,-7001.7509765625,-7062.771484375,-7095.40478515625,-7068.0908203125,-168603.453125,-168866.578125,-128459.6328125,-137439.0
tag,17219.628054456,-7000.5888671875,-7063.97802734375,-7094.62255859375,-7069.72265625,-168949.28125,-169113.5,-129180.09375,-137438.265625
tag,17219.632254141,-6998.5771484375,-7057.5185546875,-7092.00732421875,-7062.43603515625,-168314.09375,-168638.234375,-127826.8359375,-137433.484375
tag,17219.636085661,-6998.5771484375,-7054.9482421875,-7091.62744140625,-7059.5078125,-167947.34375,-168372.140625,-127058.734375,-137432.734375
tag,17219.641016714,-6998.9345703125,-7058.99365234375,-7092.4765625,-7064.1572265625,-168458.890625,-168755.640625,-128152.5234375,-137435.484375
tag,17219.645082069,-6997.5263671875,-7061.0947265625,-7091.60498046875,-7066.8837890625,-168960.5625,-169119.0625,-129205.0859375,-137435.4375
tag,17219.648620302,-6997.28076171875,-7056.9375,-7090.82275390625,-7062.05615234375,-168431.8125,-168721.1875,-128072.75,-137432.515625
tag,17219.652051945,-6997.99609375,-7054.23291015625,-7090.97900390625,-7058.748046875,-167937.0,-168359.3125,-127029.703125,-137431.875
tag,17219.656082864,-6997.7275390625,-7056.66943359375,-7090.95703125,-7061.60888671875,-168313.03125,-168643.625,-127839.6640625,-137433.640625
tag,17219.660097291,-7000.43212890625,-7063.79931640625,-7094.37646484375,-7069.5439453125,-168938.75,-169101.765625,-129153.96875,-137438.21875
tag,17219.665309536,-7002.04150390625,-7062.681640625,-7095.60595703125,-7068.00146484375,-168564.5,-168817.078125,-128344.765625,-137437.75
tag,17219.669082047,-7000.02978515625,-7056.46826171875,-7092.99072265625,-7061.00537109375,-167961.71875,-168372.546875,-127071.609375,-137433.859375
tag,17219.673085201,-6998.5322265625,-7056.66943359375,-7091.62744140625,-7061.47509765625,-168183.28125,-168542.8125,-127556.6484375,-137433.859375
tag,17219.676094984,-7000.72265625,-7063.82177734375,-7094.64501953125,-7069.40966796875,-168876.453125,-169053.375,-129019.0546875,-137438.421875
tag,17219.680109504,-7004.00830078125,-7065.65478515625,-7097.662109375,-7070.97412109375,-168685.953125,-168904.328125,-128596.671875,-137440.109375
tag,17219.68411198,-7003.06982421875,-7059.708984375,-7095.85205078125,-7064.291015625,-168012.9375,-168406.78125,-127171.296875,-137436.625
tag,17219.688103613,-7002.1533203125,-7059.44091796875,-7095.20361328125,-7064.02294921875,-168070.390625,-168456.578125,-127309.234375,-137436.859375
tag,17219.692127212,-7003.4052734375,-7065.744140625,-7097.103515625,-7071.06396484375,-168775.453125,-168978.546875,-128803.578125,-137440.671875
tag,17219.697106268,-7003.5615234375,-7065.744140625,-7097.0810546875,-7071.1083984375,-168780.34375,-168973.15625,-128799.3828125,-137439.953125
tag,17219.701134663,-7001.7958984375,-7058.9716796875,-7094.57763671875,-7063.576171875,-168078.90625,-168452.484375,-127311.2421875,-137435.609375
tag,17219.704152721,-7002.48876953125,-7059.150390625,-7095.24853515625,-7063.59814453125,-167979.328125,-168386.125,-127113.234375,-137436.734375
tag,17219.708089982,-7003.94140625,-7065.341796875,-7097.39404296875,-7070.77294921875,-168649.953125,-168884.953125,-128538.1953125,-137440.921875
tag,17219.712393663,-7005.30517578125,-7068.04638671875,-7098.958984375,-7073.5673828125,-168854.0625,-169027.109375,-128954.5859375,-137442.171875
tag,17219.716187077,-7004.67919921875,-7062.63720703125,-7097.70703125,-7067.26416015625,-168174.890625,-168520.984375,-127508.2734375,-137438.78125
tag,17219.720203693,-7004.5673828125,-7060.84912109375,-7097.39404296875,-7065.095703125,-167920.1875,-168338.546875,-126979.90625,-137438.5
tag,17219.725148242,-7006.7802734375,-7067.3310546875,-7100.12109375,-7072.27099609375,-168513.71875,-168782.46875,-128244.5,-137443.296875
tag,17219.728150404,-7008.03173828125,-7071.33203125,-7101.73046875,-7076.6962890625,-168907.890625,-169066.515625,-129066.1015625,-137445.375
tag,17219.732202203,-7006.42236328125,-7065.296875,-7099.517578125,-7070.01318359375,-168301.625,-168612.125,-127772.765625,-137441.015625
tag,17219.736156055,-7004.50048828125,-7060.5361328125,-7097.21533203125,-7064.73828125,-167896.15625,-168316.609375,-126924.46875,-137438.125
tag,17219.740189088,-7005.03662109375,-7064.4921875,-7098.22119140625,-7069.275390625,-168367.078125,-168671.3125,-127934.4375,-137441.0625
tag,17219.744218604,-7005.46142578125,-7068.76171875,-7099.20458984375,-7074.1259765625,-168908.53125,-169065.9375,-129072.3359375,-137442.9375
tag,17219.748551562,-7002.7119140625,-7062.41357421875,-7095.896484375,-7067.1298828125,-168419.65625,-168696.578125,-128027.078125,-137437.546875
tag,17219.752245756,-7003.13671875,-7059.21728515625,-7095.82958984375,-7063.3525390625,-167891.78125,-168309.734375,-126913.2265625,-137436.671875
tag,17219.757231134,-7001.68408203125,-7060.26806640625,-7094.7568359375,-7064.80517578125,-168219.5,-168559.046875,-127624.1484375,-137437.234375
tag,17219.760232724,-7002.66748046875,-7065.9228515625,-7096.36572265625,-7070.97412109375,-168864.25,-169032.46875,-128984.1171875,-137440.3125
tag,17219.765115826,-7001.9296875,-7062.86083984375,-7095.38232421875,-7067.46533203125,-168534.828125,-168780.296875,-128272.390625,-137437.65625
tag,17219.768246732,-7000.72265625,-7057.20556640625,-7093.52734375,-7061.1171875,-167912.03125,-168320.90625,-126955.5859375,-137434.4375
tag,17219.772270127,-7003.62841796875,-7061.40771484375,-7096.4775390625,-7065.5205078125,-168092.96875,-168463.015625,-127350.8515625,-137438.796875
tag,17219.776280082,-7005.908203125,-7068.60498046875,-7099.47265625,-7073.58935546875,-168793.796875,-168980.4375,-128831.5859375,-137443.515625
tag,17219.781535035,-7005.9755859375,-7067.5546875,-7099.31640625,-7072.42724609375,-168656.0,-168869.359375,-128524.0703125,-137442.390625
tag,17219.784247609,-7002.1533203125,-7058.94921875,-7094.8681640625,-7062.97265625,-167974.0,-168363.328125,-127080.890625,-137436.140625
tag,17219.787282186,-7000.49951171875,-7057.5634765625,-7093.37060546875,-7061.65380859375,-167988.09375,-168380.75,-127127.46875,-137435.421875
tag,17219.792261563,-7003.60595703125,-7065.5205078125,-7097.1484375,-7070.5498046875,-168685.421875,-168898.4375,-128604.765625,-137441.125
tag,17219.79629626,-7003.67333984375,-7065.9453125,-7097.17041015625,-7071.01904296875,-168745.859375,-168934.015625,-128717.75,-137440.5625
tag,17219.80037347,-7000.767578125,-7058.05517578125,-7093.5048828125,-7062.3017578125,-168046.5,-168413.671875,-127233.9296875,-137435.015625
tag,17219.804331291,-7002.66748046875,-7059.06103515625,-7095.24853515625,-7063.06201171875,-167902.53125,-168314.578125,-126940.4765625,-137437.234375
tag,17219.809396444,-7003.0029296875,-7064.06787109375,-7096.25439453125,-7068.76171875,-168550.0625,-168797.453125,-128320.7578125,-137440.234375
tag,17219.812383572,-7003.7177734375,-7066.43701171875,-7097.19287109375,-7071.39892578125,-168803.765625,-168977.25,-128845.203125,-137441.234375
tag,17219.815410103,-7003.49462890625,-7061.43017578125,-7096.25439453125,-7065.63232421875,-168139.59375,-168481.953125,-127430.1328125,-137438.328125
tag,17219.820368404,-7002.7568359375,-7058.7255859375,-7095.20361328125,-7062.59228515625,-167843.5625,-168268.984375,-126815.5078125,-137437.296875
tag,17219.824398628,-7003.67333984375,-7063.732421875,-7096.79052734375,-7068.20263671875,-168404.796875,-168690.21875,-128016.0625,-137440.90625
tag,17219.828414869,-7004.3212890625,-7067.39794921875,-7097.9306640625,-7072.44970703125,-168830.015625,-168998.328125,-128905.859375,-137442.625
tag,17219.832413128,-7003.04736328125,-7061.87744140625,-7095.96337890625,-7066.302734375,-168245.40625,-168560.109375,-127658.8828125,-137438.703125
tag,17219.836385045,-7000.87939453125,-7056.62451171875,-7093.25927734375,-7060.4912109375,-167805.15625,-168239.484375,-126739.2890625,-137435.484375
tag,17219.840347967,-7000.5888671875,-7059.44091796875,-7093.46044921875,-7063.9111328125,-168235.75,-168566.375,-127669.3671875,-137437.59375
tag,17219.843412946,-7000.81201171875,-7063.732421875,-7094.42138671875,-7068.85107421875,-168803.21875,-168982.703125,-128866.859375,-137439.5625
tag,17219.848912465,-6999.806640625,-7059.44091796875,-7092.87890625,-7063.9560546875,-168348.5625,-168639.9375,-127894.9140625,-137436.265625
tag,17219.852373205,-6997.48193359375,-7053.20458984375,-7089.951171875,-7057.02685546875,-167792.59375,-168232.46875,-126727.4375,-137432.5625
tag,17219.856410073,-6997.9736328125,-7055.84228515625,-7090.57666015625,-7059.91015625,-168083.21875,-168456.984375,-127362.1171875,-137435.015625
tag,17219.860408233,-6997.75,-7060.22314453125,-7091.04638671875,-7065.140625,-168735.46875,-168938.328125,-128743.9453125,-137437.03125
tag,17219.864791561,-6998.9794921875,-7059.21728515625,-7091.98486328125,-7063.86669921875,-168447.34375,-168718.59375,-128121.0703125,-137436.546875
tag,17219.868399532,-7000.49951171875,-7056.3115234375,-7092.923828125,-7060.111328125,-167807.9375,-168248.3125,-126768.453125,-137436.15625
tag,17219.871505221,-7000.90185546875,-7057.83154296875,-7093.41552734375,-7061.65380859375,-167941.734375,-168356.890625,-127070.828125,-137438.015625
tag,17219.875521055,-7004.3212890625,-7066.146484375,-7097.55078125,-7070.86279296875,-168639.9375,-168875.5625,-128550.046875,-137444.09375
tag,17219.880419074,-7002.1533203125,-7063.173828125,-7095.2705078125,-7067.82275390625,-168542.53125,-168795.1875,-128333.703125,-137440.9375
tag,17219.88440261,-6999.9853515625,-7056.24462890625,-7092.45458984375,-7060.02197265625,-167853.703125,-168285.21875,-126875.96875,-137436.5
tag,17219.888506349,-6999.716796875,-7055.88671875,-7092.1416015625,-7059.6865234375,-167830.890625,-168277.171875,-126846.0625,-137437.140625
tag,17219.891516419,-7002.6005859375,-7063.77685546875,-7095.7177734375,-7068.40380859375,-168518.765625,-168790.40625,-128307.75,-137442.9375
tag,17219.8955131,-7002.3544921875,-7064.1123046875,-7095.5166015625,-7068.87353515625,-168622.03125,-168859.03125,-128514.5078125,-137442.390625
tag,17219.899548421,-7000.365234375,-7057.18310546875,-7092.923828125,-7061.1396484375,-167932.28125,-168346.234375,-127050.6875,-137438.0
tag,17219.903512857,-6996.47607421875,-7052.26611328125,-7088.900390625,-7055.86474609375,-167750.3125,-168218.46875,-126684.96875,-137434.484375
tag,17219.90757249,-6997.392578125,-7057.83154296875,-7090.44287109375,-7062.1005859375,-168380.03125,-168690.359375,-128029.6484375,-137438.390625
tag,17219.91258767,-7000.47705078125,-7062.83837890625,-7093.79541015625,-7067.64404296875,-168683.34375,-168908.84375,-128658.140625,-137442.078125
tag,17219.91661064,-6999.42626953125,-7057.138671875,-7092.05224609375,-7061.1171875,-168040.90625,-168429.21875,-127290.4609375,-137438.328125
tag,17219.920577179,-6997.86181640625,-7053.47314453125,-7090.1298828125,-7057.02685546875,-167710.8125,-168191.046875,-126605.1953125,-137436.453125
tag,17219.924533599,-6996.140625,-7055.64111328125,-7088.9453125,-7059.86572265625,-168240.3125,-168589.890625,-127743.953125,-137437.375
tag,17219.927568588,-6994.41943359375,-7057.22802734375,-7087.7158203125,-7061.98876953125,-168705.46875,-168928.8125,-128724.5234375,-137436.96875
tag,17219.931621617,-6995.24658203125,-7054.00927734375,-7088.095703125,-7058.3232421875,-168159.125,-168519.4375,-127556.21875,-137435.5625
tag,17219.935562516,-6994.62060546875,-7050.1650390625,-7086.97802734375,-7053.763671875,-167696.40625,-168182.0625,-126585.6640625,-137433.96875
tag,17219.941516224,-6992.5419921875,-7051.103515625,-7085.25732421875,-7055.1494140625,-168096.359375,-168486.484375,-127453.265625,-137434.1875
tag,17219.944518749,-6994.84423828125,-7057.65283203125,-7088.18505859375,-7062.3017578125,-168694.1875,-168927.046875,-128714.1484375,-137438.46875
tag,17219.948051174,-6996.90087890625,-7056.60205078125,-7089.6826171875,-7060.80419921875,-168289.171875,-168621.375,-127842.6328125,-137438.46875
tag,17219.952510588,-6996.185546875,-7051.9306640625,-7088.38623046875,-7055.43994140625,-167717.65625,-168201.796875,-126638.1015625,-137436.3125
tag,17219.956523877,-6992.85498046875,-7050.74609375,-7085.5029296875,-7054.38916015625,-167972.71875,-168399.515625,-127201.7421875,-137434.90625
tag,17219.960570494,-6994.06201171875,-7056.7587890625,-7087.42529296875,-7061.162109375,-168644.265625,-168896.90625,-128624.09375,-137438.625
+,17219.963603166,-6996.22998046875,-7057.1611328125,-7089.25830078125,-7061.22900390625,-168408.015625,-168715.375,-128108.9765625,-137439.21875
+,17219.967570553,-6992.921875,-7049.20361328125,-7085.25732421875,-7052.556640625,-167758.609375,-168235.671875,-126738.859375,-137433.875
+,17219.971564876,-6989.3681640625,-7046.43212890625,-7081.748046875,-7049.896484375,-167855.3125,-168316.25,-126967.453125,-137431.828125
+,17219.975605012,-6990.798828125,-7052.8916015625,-7083.916015625,-7057.07177734375,-168554.546875,-168837.03125,-128453.171875,-137436.03125
+,17219.979851502,-6992.162109375,-7053.85302734375,-7085.3017578125,-7057.98779296875,-168515.078125,-168800.84375,-128355.765625,-137436.5625
+,17219.984566532,-6992.7880859375,-7049.5615234375,-7085.25732421875,-7053.07080078125,-167829.484375,-168293.21875,-126900.265625,-137434.859375
+,17219.987586598,-6994.06201171875,-7050.544921875,-7086.46435546875,-7053.98681640625,-167765.6875,-168255.46875,-126781.2421875,-137437.03125
+,17219.991599652,-6995.5595703125,-7056.892578125,-7088.6767578125,-7061.05029296875,-168439.953125,-168760.125,-128218.125,-137441.375
+,17219.995685454,-6993.07861328125,-7055.46240234375,-7086.330078125,-7059.99951171875,-168603.03125,-168873.28125,-128554.7421875,-137438.9375
+,17219.999630892,-6988.541015625,-7046.02978515625,-7081.1669921875,-7049.67333984375,-167920.4375,-168364.1875,-127107.21875,-137431.875
+,17220.003637914,-6988.63037109375,-7044.6884765625,-7081.05517578125,-7047.99658203125,-167699.1875,-168208.1875,-126652.515625,-137432.140625
+,17220.008616425,-6991.49169921875,-7051.99755859375,-7084.51953125,-7055.931640625,-168305.734375,-168664.75,-127946.9765625,-137437.75
+,17220.012746928,-6992.5419921875,-7055.41748046875,-7085.927734375,-7059.7763671875,-168652.3125,-168915.421875,-128669.515625,-137439.609375
+,17220.015683172,-6990.552734375,-7048.890625,-7083.357421875,-7052.62353515625,-168031.453125,-168450.296875,-127345.9609375,-137435.203125
+,17220.019635629,-6985.30029296875,-7041.1572265625,-7077.7470703125,-7044.39794921875,-167665.984375,-168184.0,-126587.25,-137429.5
+,17220.02368408,-6986.3505859375,-7045.87353515625,-7079.24462890625,-7049.62841796875,-168168.953125,-168564.515625,-127666.5,-137433.125
+,17220.027681781,-6988.27294921875,-7051.21533203125,-7081.63623046875,-7055.685546875,-168670.640625,-168931.5625,-128718.4921875,-137436.5
+,17220.03168309,-6988.3173828125,-7047.59423828125,-7081.14453125,-7051.349609375,-168156.671875,-168544.203125,-127616.1015625,-137434.265625
+,17220.03569321,-6989.390625,-7045.44873046875,-7081.79248046875,-7048.44384765625,-167672.734375,-168189.90625,-126595.2734375,-137434.34375
+,17220.04067311,-6988.5634765625,-7047.37109375,-7081.3232421875,-7050.81298828125,-168041.78125,-168471.671875,-127395.0390625,-137435.6875
+,17220.043701913,-6987.982421875,-7051.1708984375,-7081.345703125,-7055.3505859375,-168658.75,-168925.859375,-128698.3046875,-137437.234375
+,17220.047702998,-6986.68603515625,-7047.1025390625,-7079.53515625,-7050.90234375,-168294.21875,-168647.53125,-127912.7734375,-137434.03125
+,17220.051702966,-6984.919921875,-7041.26904296875,-7077.21044921875,-7044.2861328125,-167704.046875,-168211.765625,-126665.640625,-137430.625
+,17220.055703445,-6984.517578125,-7042.58740234375,-7077.1435546875,-7045.80615234375,-167922.421875,-168382.375,-127145.7734375,-137432.0625
+,17220.059723804,-6983.31103515625,-7046.25341796875,-7076.71875,-7050.3212890625,-168605.5625,-168887.640625,-128593.921875,-137433.453125
+,17220.063763447,-6982.7744140625,-7044.3310546875,-7075.958984375,-7048.26513671875,-168422.109375,-168742.734375,-128189.6875,-137431.640625
+,17220.068719637,-6983.19921875,-7040.1064453125,-7075.64599609375,-7043.25830078125,-167768.890625,-168258.203125,-126800.890625,-137429.859375
+,17220.071709634,-6985.23291015625,-7042.7216796875,-7077.724609375,-7045.80615234375,-167831.53125,-168313.265625,-126946.953125,-137433.046875
+,17220.075724172,-6988.09423828125,-7050.61181640625,-7081.36767578125,-7054.5458984375,-168534.046875,-168836.046875,-128434.7109375,-137438.796875
+,17220.079771423,-6990.66455078125,-7053.1376953125,-7083.9384765625,-7057.25048828125,-168551.90625,-168840.15625,-128451.2265625,-137440.78125
+,17220.083787959,-6989.9267578125,-7047.59423828125,-7082.4853515625,-7050.85791015625,-167872.421875,-168332.640625,-127001.203125,-137437.640625
+,17220.087783722,-6986.68603515625,-7043.75,-7079.1103515625,-7046.923828125,-167777.265625,-168267.3125,-126813.0,-137434.90625
+,17220.091796136,-6987.2001953125,-7049.02490234375,-7080.2724609375,-7052.958984375,-168445.65625,-168764.765625,-128231.7578125,-137438.234375
+,17220.097530747,-6989.10009765625,-7052.3779296875,-7082.3515625,-7056.5126953125,-168659.265625,-168913.15625,-128663.0546875,-137440.203125
+,17220.099795848,-6986.08251953125,-7044.64404296875,-7078.59619140625,-7047.84033203125,-167998.546875,-168416.859375,-127252.1953125,-137434.4375
+,17220.102830288,-6985.2109375,-7042.05126953125,-7077.41162109375,-7044.9345703125,-167753.46875,-168239.65625,-126741.234375,-137433.453125
+,17220.107784761,-6990.3291015625,-7051.43896484375,-7083.17822265625,-7055.03759765625,-168347.546875,-168685.46875,-128002.3359375,-137441.375
+,17220.111842938,-6991.357421875,-7055.19384765625,-7084.6982421875,-7059.3740234375,-168741.671875,-168969.375,-128821.328125,-137443.25
+,17220.115806281,-6989.189453125,-7048.7119140625,-7081.85986328125,-7052.154296875,-168149.015625,-168522.46875,-127552.6640625,-137438.4375
+,17220.119819579,-6988.33984375,-7045.20263671875,-7080.60791015625,-7048.17578125,-167757.53125,-168236.125,-126730.0078125,-137436.8125
+,17220.124777699,-6987.49072265625,-7047.81787109375,-7080.294921875,-7051.3271484375,-168229.171875,-168591.96875,-127743.28125,-137438.34375
+,17220.127854431,-6988.1162109375,-7052.24365234375,-7081.56884765625,-7056.3564453125,-168769.03125,-168986.046875,-128876.25,-137440.453125
+,17220.131872294,-6988.07177734375,-7048.82373046875,-7081.05517578125,-7052.44482421875,-168294.046875,-168625.8125,-127853.0703125,-137438.109375
+,17220.135813373,-6989.30126953125,-7046.43212890625,-7081.6806640625,-7049.42724609375,-167783.921875,-168250.46875,-126772.96875,-137437.953125
+,17220.13982665,-6987.982421875,-7047.63916015625,-7080.78662109375,-7050.99169921875,-168121.1875,-168507.34375,-127503.2265625,-137438.640625
+,17220.143854701,-6988.3623046875,-7052.64599609375,-7081.8818359375,-7056.7138671875,-168762.015625,-168978.109375,-128853.6484375,-137441.125
+,17220.147914509,-6987.7587890625,-7049.60595703125,-7080.8984375,-7053.3388671875,-168440.578125,-168730.078125,-128154.6640625,-137438.46875
+,17220.152848437,-6988.42919921875,-7046.07470703125,-7080.943359375,-7049.04736328125,-167838.09375,-168284.03125,-126874.625,-137437.140625
+,17220.155868196,-6987.1328125,-7046.23095703125,-7079.82568359375,-7049.337890625,-168022.40625,-168427.4375,-127280.7109375,-137437.34375
+,17220.158899878,-6989.10009765625,-7053.1376953125,-7082.5302734375,-7057.04931640625,-168719.328125,-168942.546875,-128752.953125,-137441.75
